-- phpMyAdmin SQL Dump
-- version 4.8.3
-- https://www.phpmyadmin.net/
--
-- Host: 127.0.0.1
-- Generation Time: Feb 14, 2023 at 03:16 AM
-- Server version: 10.1.36-MariaDB
-- PHP Version: 5.6.38

SET SQL_MODE = "NO_AUTO_VALUE_ON_ZERO";
SET AUTOCOMMIT = 0;
START TRANSACTION;
SET time_zone = "+00:00";


/*!40101 SET @OLD_CHARACTER_SET_CLIENT=@@CHARACTER_SET_CLIENT */;
/*!40101 SET @OLD_CHARACTER_SET_RESULTS=@@CHARACTER_SET_RESULTS */;
/*!40101 SET @OLD_COLLATION_CONNECTION=@@COLLATION_CONNECTION */;
/*!40101 SET NAMES utf8mb4 */;

--
-- Database: `payong`
--

-- --------------------------------------------------------

--
-- Table structure for table `announcements`
--

CREATE TABLE `announcements` (
  `announcement_id` int(11) UNSIGNED NOT NULL,
  `title` varchar(255) NOT NULL,
  `description` varchar(255) NOT NULL,
  `status` int(11) NOT NULL,
  `date_added` datetime NOT NULL,
  `added_by` int(11) NOT NULL,
  `level` int(11) NOT NULL,
  `location_id` int(11) NOT NULL,
  `isdeleted` int(11) NOT NULL
) ENGINE=InnoDB DEFAULT CHARSET=latin1;

--
-- Dumping data for table `announcements`
--

INSERT INTO `announcements` (`announcement_id`, `title`, `description`, `status`, `date_added`, `added_by`, `level`, `location_id`, `isdeleted`) VALUES
(1, '1', '1', 1, '2023-02-02 08:37:10', 1, 0, 1, 0),
(2, '3', '1', 1, '0000-00-00 00:00:00', 0, 0, 1, 0),
(3, '1', '2323', 1, '0000-00-00 00:00:00', 1, 0, 1, 1);

-- --------------------------------------------------------

--
-- Table structure for table `coor`
--

CREATE TABLE `coor` (
  `ID` int(11) NOT NULL,
  `MUN` varchar(28) DEFAULT NULL,
  `lat` decimal(6,4) DEFAULT NULL,
  `lng` decimal(7,4) DEFAULT NULL
) ENGINE=InnoDB DEFAULT CHARSET=utf8;

--
-- Dumping data for table `coor`
--

INSERT INTO `coor` (`ID`, `MUN`, `lat`, `lng`) VALUES
(1, 'Manila', '14.6000', '120.9833'),
(2, 'Quezon City', '14.6333', '121.0333'),
(3, 'Davao', '7.0667', '125.6000'),
(4, 'Caloocan City', '14.6500', '120.9667'),
(5, 'Cebu City', '10.3000', '123.9000'),
(6, 'Zamboanga City', '6.9167', '122.0833'),
(7, 'Taguig City', '14.5167', '121.0500'),
(8, 'Antipolo', '14.5842', '121.1763'),
(9, 'Pasig City', '14.5750', '121.0833'),
(10, 'Cagayan de Oro', '8.4833', '124.6500'),
(11, 'City of Parañaque', '14.4667', '121.0167'),
(12, 'Dasmari?as', '14.3294', '120.9367'),
(13, 'Valenzuela', '14.7000', '120.9833'),
(14, 'Bacoor', '14.4624', '120.9645'),
(15, 'General Santos', '6.1167', '125.1667'),
(16, 'Las Pi?as City', '14.4500', '120.9833'),
(17, 'Makati City', '14.5500', '121.0333'),
(18, 'San Jose del Monte', '14.8139', '121.0453'),
(19, 'Bacolod', '10.6765', '122.9509'),
(20, 'Muntinlupa City', '14.3833', '121.0500'),
(21, 'City of Calamba', '14.2167', '121.1667'),
(22, 'Marikina City', '14.6500', '121.1000'),
(23, 'Iloilo', '10.7167', '122.5667'),
(24, 'Pasay City', '14.5500', '121.0000'),
(25, 'Angeles City', '15.1472', '120.5847'),
(26, 'Lapu-Lapu City', '10.3127', '123.9488'),
(27, 'Imus', '14.4297', '120.9367'),
(28, 'Mandaluyong City', '14.5833', '121.0333'),
(29, 'Rodriguez', '14.7167', '121.1167'),
(30, 'Malabon', '14.6625', '120.9567'),
(31, 'Mandaue City', '10.3333', '123.9333'),
(32, 'Santa Rosa', '14.3167', '121.1167'),
(33, 'Baguio City', '16.4152', '120.5956'),
(34, 'Iligan', '8.2333', '124.2500'),
(35, 'Tarlac City', '15.4802', '120.5979'),
(36, 'Butuan', '8.9534', '125.5288'),
(37, 'Biñan', '14.3333', '121.0833'),
(38, 'Lipa City', '13.9411', '121.1622'),
(39, 'Batangas', '13.7500', '121.0500'),
(40, 'San Pedro', '14.3583', '121.0583'),
(41, 'Cainta', '14.5667', '121.1167'),
(42, 'Taytay', '14.5692', '121.1325'),
(43, 'General Trias', '14.3833', '120.8833'),
(44, 'Cabuyao', '14.2750', '121.1250'),
(45, 'San Fernando', '15.0333', '120.6833'),
(46, 'Cabanatuan City', '15.4833', '120.9667'),
(47, 'Cotabato', '7.2167', '124.2500'),
(48, 'Binangonan', '14.4514', '121.1919'),
(49, 'Lucena', '13.9333', '121.6167'),
(50, 'San Pablo', '14.0700', '121.3250'),
(51, 'Tagum', '7.4478', '125.8078'),
(52, 'Santa Maria', '14.8183', '120.9563'),
(53, 'Puerto Princesa', '9.7500', '118.7500'),
(54, 'San Mateo', '14.6969', '121.1219'),
(55, 'Malolos', '14.8433', '120.8114'),
(56, 'Mabalacat', '15.2167', '120.5833'),
(57, 'Navotas', '14.6667', '120.9417'),
(58, 'Silang', '14.2306', '120.9750'),
(59, 'Tacloban', '11.2444', '125.0039'),
(60, 'Olongapo', '14.8333', '120.2833'),
(61, 'Talisay', '10.2500', '123.8333'),
(62, 'Tanza', '14.3944', '120.8531'),
(63, 'Marilao', '14.7581', '120.9481'),
(64, 'Ormoc', '11.0167', '124.6167'),
(65, 'Meycauayan', '14.7333', '120.9500'),
(66, 'Marawi City', '8.0000', '124.3000'),
(67, 'Pagadian', '7.8333', '123.4333'),
(68, 'Legazpi City', '13.1333', '123.7333'),
(69, 'Naga City', '13.6167', '123.1667'),
(70, 'Valencia', '7.9000', '125.0833'),
(71, 'San Carlos City', '15.9281', '120.3489'),
(72, 'Panabo', '7.3000', '125.6833'),
(73, 'Calbayog City', '12.0667', '124.6000'),
(74, 'Kabankalan', '9.9833', '122.8167'),
(75, 'Santo Tomas', '14.0833', '121.1833'),
(76, 'Koronadal', '6.5000', '124.8500'),
(77, 'Malaybalay', '8.1575', '125.1278'),
(78, 'Tanauan', '14.0833', '121.1500'),
(79, 'Dagupan City', '16.0333', '120.3333'),
(80, 'Bago', '10.5388', '122.8384'),
(81, 'Toledo', '10.3833', '123.6500'),
(82, 'Digos', '6.7500', '125.3500'),
(83, 'Sorsogon', '12.9667', '124.0000'),
(84, 'Roxas City', '11.5833', '122.7500'),
(85, 'Lubao', '14.9333', '120.6000'),
(86, 'Trece Martires City', '14.2833', '120.8667'),
(87, 'General Mariano Alvarez', '14.3000', '121.0000'),
(88, 'Cadiz', '10.9500', '123.3000'),
(89, 'Mexico', '15.0667', '120.7167'),
(90, 'Pikit', '7.0500', '124.6667'),
(91, 'Concepcion', '15.3249', '120.6554'),
(92, 'Surigao', '9.7833', '125.4833'),
(93, 'San Miguel', '15.1458', '120.9783'),
(94, 'Tuguegarao', '17.6167', '121.7167'),
(95, 'Polomolok', '6.2167', '125.0667'),
(96, 'Midsayap', '7.1917', '124.5333'),
(97, 'Baliuag', '14.9500', '120.9000'),
(98, 'Sariaya', '13.9667', '121.5333'),
(99, 'Sagay', '10.9000', '123.4167'),
(100, 'Ilagan', '17.1333', '121.8833'),
(101, 'San Jose', '12.3528', '121.0676'),
(102, 'Ozamiz City', '8.1500', '123.8500'),
(103, 'Mati', '6.9500', '126.2333'),
(104, 'Capas', '15.3312', '120.5898'),
(105, 'Kidapawan', '7.0083', '125.0894'),
(106, 'San Jose', '15.7833', '121.0000'),
(107, 'Danao', '10.5333', '123.9333'),
(108, 'Santiago', '16.6833', '121.5500'),
(109, 'Nasugbu', '14.0667', '120.6333'),
(110, 'Calapan', '13.3667', '121.2000'),
(111, 'Tabaco', '13.3500', '123.7333'),
(112, 'Arayat', '15.1493', '120.7692'),
(113, 'Urdaneta', '15.9761', '120.5711'),
(114, 'San Carlos', '10.4929', '123.4095'),
(115, 'Minglanilla', '10.2450', '123.7964'),
(116, 'Consolacion', '10.4000', '123.9500'),
(117, 'Dumaguete City', '9.3103', '123.3081'),
(118, 'Dipolog', '8.5667', '123.3333'),
(119, 'Malasiqui', '15.9167', '120.4167'),
(120, 'Hagonoy', '14.8333', '120.7333'),
(121, 'Calabayan', '16.7667', '121.7833'),
(122, 'La Trinidad', '16.4621', '120.5877'),
(123, 'Mariveles', '14.4333', '120.4833'),
(124, 'Silay', '10.8000', '122.9667'),
(125, 'Daraga', '13.1619', '123.6939'),
(126, 'Jolo', '6.0500', '121.0000'),
(127, 'Floridablanca', '14.9333', '120.5000'),
(128, 'Talavera', '15.5839', '120.9189'),
(129, 'Gingoog', '8.8167', '125.1000'),
(130, 'Porac', '15.0719', '120.5419'),
(131, 'San Juan', '14.6000', '121.0333'),
(132, 'San Fernando', '16.6167', '120.3167'),
(133, 'Bocaue', '14.8000', '120.9333'),
(134, 'Carcar', '10.1167', '123.6333'),
(135, 'Poblacion', '10.4167', '123.9667'),
(136, 'Santo Tomas', '7.5333', '125.6167'),
(137, 'Guimba', '15.6581', '120.7689'),
(138, 'Glan', '5.8167', '125.2000'),
(139, 'Bayawan', '9.3667', '122.8000'),
(140, 'Tanay', '14.4972', '121.2864'),
(141, 'Malita', '6.4000', '125.6000'),
(142, 'Santa Cruz', '14.2833', '121.4167'),
(143, 'Candelaria', '13.9311', '121.4233'),
(144, 'Guagua', '14.9667', '120.6333'),
(145, 'Rosario', '13.8460', '121.2060'),
(146, 'Naga', '10.2167', '123.7500'),
(147, 'Angono', '14.5234', '121.1536'),
(148, 'Magalang', '15.2167', '120.6667'),
(149, 'City of Isabela', '6.7000', '121.9667'),
(150, 'Los Ba?os', '14.1667', '121.2167'),
(151, 'Iriga City', '13.4167', '123.4167'),
(152, 'Candaba', '15.0933', '120.8283'),
(153, 'Naic', '14.3167', '120.7667'),
(154, 'Ligao', '13.2167', '123.5167'),
(155, 'Norzagaray', '14.9167', '121.0500'),
(156, 'Laoag', '18.1951', '120.5918'),
(157, 'Rosario', '14.4167', '120.8500'),
(158, 'Tabuk', '17.4500', '121.4583'),
(159, 'Gapan', '15.3075', '120.9453'),
(160, 'Baybay', '10.6833', '124.8000'),
(161, 'Calumpit', '14.9167', '120.7667'),
(162, 'Libmanan', '13.7000', '123.0667'),
(163, 'San Juan', '13.8260', '121.3960'),
(164, 'Apalit', '14.9496', '120.7587'),
(165, 'Plaridel', '14.8869', '120.8569'),
(166, 'Himamaylan', '10.1000', '122.8667'),
(167, 'Dinalupihan', '14.8833', '120.4667'),
(168, 'Mangaldan', '16.0700', '120.4025'),
(169, 'Tagbilaran City', '9.6500', '123.8500'),
(170, 'Daet', '14.1167', '122.9500'),
(171, 'Subic', '14.9000', '120.2333'),
(172, 'San Ildefonso', '15.0789', '120.9419'),
(173, 'Samal', '7.0500', '125.7333'),
(174, 'Quezon', '7.7333', '125.1000'),
(175, 'Catbalogan', '11.7833', '124.8833'),
(176, 'Malu?gun', '6.2667', '125.2833'),
(177, 'Lingayen', '16.0167', '120.2333'),
(178, 'Bayugan', '8.7143', '125.7481'),
(179, 'Naujan', '13.3233', '121.3028'),
(180, 'Cavite City', '14.4833', '120.9000'),
(181, 'Talisay', '10.7333', '122.9667'),
(182, 'Cawayan', '9.9667', '122.6167'),
(183, 'Maramag', '7.7667', '125.0000'),
(184, 'Bongao', '5.0292', '119.7731'),
(185, 'Manolo Fortich', '8.3697', '124.8644'),
(186, 'Bulan', '12.6714', '123.8750'),
(187, 'Tayabas', '14.0167', '121.5833'),
(188, 'Guiguinto', '14.8333', '120.8833'),
(189, 'Tiaong', '13.9500', '121.3167'),
(190, 'Sindangan', '8.2333', '123.0000'),
(191, 'Tacurong', '6.6833', '124.6667'),
(192, 'Carmona', '14.3167', '121.0500'),
(193, 'Pulilan', '14.9020', '120.8490'),
(194, 'Balanga', '14.6833', '120.5333'),
(195, 'Guihul?gan', '10.1167', '123.2667'),
(196, 'Carmen', '7.2000', '124.7833'),
(197, 'Masbate', '12.3667', '123.6167'),
(198, 'Sultan Kudarat', '7.2333', '124.2500'),
(199, 'Lopez', '13.8840', '122.2604'),
(200, 'Calasiao', '16.0167', '120.3667'),
(201, 'M?lang', '6.9500', '124.8833'),
(202, 'Monkayo', '7.8167', '126.0500'),
(203, 'San Rafael', '14.9500', '120.9667'),
(204, 'Bislig', '8.1833', '126.3500'),
(205, 'Escalante', '10.8333', '123.5000'),
(206, 'Catarman', '12.4500', '124.6500'),
(207, 'Lemery', '13.9167', '120.8833'),
(208, 'Paniqui', '15.6667', '120.5833'),
(209, 'Bauan', '13.7917', '121.0085'),
(210, 'Santa Cruz', '6.8333', '125.4167'),
(211, 'Balayan', '13.9333', '120.7333'),
(212, 'Isulan', '6.6333', '124.6000'),
(213, 'Palimbang', '6.2167', '124.2000'),
(214, 'Alaminos', '16.1553', '119.9808'),
(215, 'Pili', '13.5833', '123.3000'),
(216, 'Parang', '7.3744', '124.2686'),
(217, 'Kabacan', '7.1167', '124.8167'),
(218, 'Oton', '10.6931', '122.4736'),
(219, 'Pandi', '14.8667', '120.9500'),
(220, 'Salaman', '6.6333', '124.0667'),
(221, 'Polangui', '13.2922', '123.4856'),
(222, 'Victorias', '10.9000', '123.0833'),
(223, 'Gerona', '15.6000', '120.6000'),
(224, 'Compostela', '7.6667', '126.0833'),
(225, 'Balamban', '10.4667', '123.7833'),
(226, 'Pinamalayan', '13.0000', '121.4167'),
(227, 'Aroroy', '12.5125', '123.3989'),
(228, 'Pongotan', '7.1500', '125.9500'),
(229, 'Hinigaran', '10.2667', '122.8500'),
(230, 'Maasin', '10.1333', '124.8500'),
(231, 'Surallah', '6.3667', '124.7333'),
(232, 'Daanbantayan', '11.3333', '124.0167'),
(233, 'Banga', '6.3000', '124.7833'),
(234, 'Nabua', '13.4083', '123.3750'),
(235, 'Makilala', '6.9667', '125.0833'),
(236, 'Kawit', '14.4333', '120.9000'),
(237, 'Camiling', '15.7000', '120.4167'),
(238, 'Sablayan', '12.8370', '120.7829'),
(239, 'Binmaley', '16.0323', '120.2690'),
(240, 'Calabanga', '13.7167', '123.2333'),
(241, 'San Fabian', '16.1500', '120.4500'),
(242, 'Baggao', '17.8894', '121.8709'),
(243, 'Prosperidad', '8.6057', '125.9153'),
(244, 'Solana', '17.6500', '121.6833'),
(245, 'Dapitan', '8.6549', '123.4243'),
(246, 'Guinobatan', '13.1833', '123.6000'),
(247, 'Nabunturan', '7.6078', '125.9664'),
(248, 'Bolinao', '16.3333', '119.8833'),
(249, 'Santa Barbara', '16.0031', '120.4008'),
(250, 'Calaca', '13.9667', '120.8000'),
(251, 'Science City of Mu?oz', '15.7167', '120.9000'),
(252, 'Murcia', '10.6000', '123.0333'),
(253, 'Maco', '7.3619', '125.8553'),
(254, 'Indanan', '6.0000', '120.9667'),
(255, 'Calatrava', '10.6000', '123.4833'),
(256, 'Kalibo', '11.7000', '122.3667'),
(257, 'Passi', '11.1000', '122.6333'),
(258, 'Tanjay', '9.5167', '123.1583'),
(259, 'Calauan', '14.1500', '121.3167'),
(260, 'Alabel', '6.1023', '125.2868'),
(261, 'Talipao', '5.9760', '121.1087'),
(262, 'Matalam', '7.0833', '124.9000'),
(263, 'Echague', '16.7000', '121.6500'),
(264, 'Bantayan', '11.2000', '123.7333'),
(265, 'Cabiao', '15.2500', '120.8500'),
(266, 'Mabinay', '9.7333', '122.9167'),
(267, 'Bogo', '11.0167', '124.0000'),
(268, 'San Antonio', '15.3833', '120.8000'),
(269, 'Siaton', '9.0667', '123.0333'),
(270, 'Buhi', '13.4333', '123.5167'),
(271, 'Poblacion', '6.8000', '124.6333'),
(272, 'San Jose', '13.8772', '121.1050'),
(273, 'Malapatan', '5.9667', '125.2833'),
(274, 'Bulacan', '14.7928', '120.8789'),
(275, 'Kapalong', '7.5854', '125.7052'),
(276, 'Jose Abad Santos', '5.9167', '125.6500'),
(277, 'Bais', '9.5907', '123.1213'),
(278, 'Macabebe', '14.9081', '120.7156'),
(279, 'Santa Catalina', '9.3331', '122.8658'),
(280, 'Batarasa', '8.6667', '117.6167'),
(281, 'Libon', '13.3000', '123.4333'),
(282, 'Taytay', '10.8167', '119.5167'),
(283, 'Pototan', '10.9500', '122.6333'),
(284, 'Bauang', '16.5333', '120.3333'),
(285, 'Pagbilao', '13.9720', '121.6870'),
(286, 'Robles', '10.3500', '123.0667'),
(287, 'Lamitan', '6.6500', '122.1333'),
(288, 'Carmen', '7.3606', '125.7064'),
(289, 'Ipil', '7.7833', '122.5833'),
(290, 'Pilar', '12.9333', '123.6833'),
(291, 'San Francisco', '8.5050', '125.9771'),
(292, 'Balagtas', '14.8145', '120.9085'),
(293, 'Gumaca', '13.9210', '122.1002'),
(294, 'Barili', '10.1167', '123.5333'),
(295, 'Ubay', '10.0560', '124.4729'),
(296, 'Virac', '13.5833', '124.2333'),
(297, 'Lambunao', '11.0500', '122.4833'),
(298, 'Cabadbaran', '9.1228', '125.5346'),
(299, 'Umingan', '15.9000', '120.8000'),
(300, 'Mangatarem', '15.7874', '120.2921'),
(301, 'Narra', '9.2833', '118.4167'),
(302, 'Jaen', '15.3333', '120.9000'),
(303, 'Tagoloan', '8.5333', '124.7500'),
(304, 'Calauag', '13.9575', '122.2875'),
(305, 'Argao', '9.8833', '123.6000'),
(306, 'Bongabong', '12.7167', '121.3667'),
(307, 'Talakag', '8.2336', '124.6003'),
(308, 'Alicia', '16.7787', '121.6972'),
(309, 'Tagaytay', '14.1000', '120.9333'),
(310, 'Catanauan', '13.5917', '122.3250'),
(311, 'Sipalay', '9.7500', '122.4000'),
(312, 'Tupi', '6.3333', '124.9500'),
(313, 'Pozorrubio', '16.1167', '120.5500'),
(314, 'Manaoag', '16.0439', '120.4856'),
(315, 'Santa Rosa', '15.4239', '120.9389'),
(316, 'Bamban', '15.6500', '120.2500'),
(317, 'Bula', '13.4667', '123.2833'),
(318, 'Baras', '14.5167', '121.2667'),
(319, 'Borongan', '11.6000', '125.4333'),
(320, 'Dumangas', '10.8333', '122.7167'),
(321, 'Infanta', '14.7425', '121.6494'),
(322, 'Bacacay', '13.2925', '123.7917'),
(323, 'Carles', '11.5667', '123.1333'),
(324, 'Limay', '14.5619', '120.5983'),
(325, 'Oas', '13.2589', '123.4953'),
(326, 'Lala', '7.9667', '123.7500'),
(327, 'Siasi', '5.5462', '120.8145'),
(328, 'Tumauini', '17.2667', '121.8000'),
(329, 'Tinambac', '13.8167', '123.3333'),
(330, 'Miagao', '10.6442', '122.2352'),
(331, 'Dalaguete', '9.7612', '123.5349'),
(332, 'Bugallon', '15.9167', '120.1833'),
(333, 'Binalbagan', '10.2000', '122.8667'),
(334, 'Bagumbayan', '6.5339', '124.5633'),
(335, 'Balingasag', '8.7500', '124.7833'),
(336, 'Cawayan', '12.0333', '123.6833'),
(337, 'Talibon', '10.1167', '124.2833'),
(338, 'Don Carlos', '7.6833', '125.0000'),
(339, 'Orani', '14.8000', '120.5333'),
(340, 'Camalig', '13.1500', '123.6000'),
(341, 'Pigcawayan', '7.2833', '124.4333'),
(342, 'Brookes Point', '8.7833', '117.8333'),
(343, 'San Fernando', '10.1667', '123.7000'),
(344, 'Esperanza', '6.7167', '124.5167'),
(345, 'Pinamungahan', '10.2667', '123.5833'),
(346, 'Hermosa', '14.8333', '120.5000'),
(347, 'Lupon', '6.8981', '126.0096'),
(348, 'Aparri', '18.3550', '121.6419'),
(349, 'Indang', '14.2000', '120.8833'),
(350, 'San Pascual', '13.8000', '121.0333'),
(351, 'Roxas', '10.3333', '119.3333'),
(352, 'San Leonardo', '15.3667', '120.9667'),
(353, 'Cuyapo', '15.7833', '120.6667'),
(354, 'Sipocot', '13.7667', '122.9833'),
(355, 'Castillejos', '14.9333', '120.2000'),
(356, 'Pililla', '14.4833', '121.3000'),
(357, 'Alamada', '7.3868', '124.5534'),
(358, 'San Mateo', '16.8833', '121.5833'),
(359, 'La Carlota', '10.4167', '122.9167'),
(360, 'Bongabon', '15.6321', '121.1448'),
(361, 'Rizal', '15.6833', '121.1667'),
(362, 'La Paz', '15.4431', '120.7289'),
(363, 'Janiuay', '10.9500', '122.5000'),
(364, 'Tuburan', '10.7333', '123.8333'),
(365, 'Pateros', '14.5417', '121.0667'),
(366, 'Mauban', '14.1911', '121.7308'),
(367, 'Victoria', '15.5781', '120.6819'),
(368, 'Agoo', '16.3220', '120.3647'),
(369, 'Aliaga', '15.4988', '120.8410'),
(370, 'Atimonan', '14.0036', '121.9199'),
(371, 'Hilongos', '10.3667', '124.7500'),
(372, 'Goa', '13.7000', '123.5000'),
(373, 'Rosales', '15.8944', '120.6328'),
(374, 'Nagcarlan', '14.1364', '121.4165'),
(375, 'Lutayan', '6.6000', '124.8500'),
(376, 'Tangub', '8.0667', '123.7500'),
(377, 'Saravia', '10.8833', '122.9667'),
(378, 'Kapatagan', '7.9000', '123.7667'),
(379, 'Tigbauan', '10.6747', '122.3776'),
(380, 'San Jose', '10.7500', '121.9500'),
(381, 'Villasis', '15.9000', '120.5833'),
(382, 'Patikul', '6.0667', '121.1000'),
(383, 'Parang', '5.9167', '120.9167'),
(384, 'Isabela', '10.2000', '122.9833'),
(385, 'Bay', '14.1833', '121.2833'),
(386, 'Lantapan', '8.0005', '125.0235'),
(387, 'Roxas', '17.1167', '121.6167'),
(388, 'Buenavista', '8.9744', '125.4090'),
(389, 'Tuao', '17.7333', '121.4500'),
(390, 'Bayombong', '16.4833', '121.1500'),
(391, 'Opol', '8.5167', '124.5667'),
(392, 'Aurora', '13.3500', '122.5167'),
(393, 'Laoang', '12.5667', '125.0167'),
(394, 'Kiamba', '5.9833', '124.6167'),
(395, 'Quezon', '9.2333', '118.0333'),
(396, 'Candon', '17.2000', '120.4500'),
(397, 'Bansalan', '6.7833', '125.2167'),
(398, 'Calinog', '11.1333', '122.5000'),
(399, 'Sibalom', '10.7833', '122.0167'),
(400, 'Santa Barbara', '10.8231', '122.5344'),
(401, 'Itogon', '16.3667', '120.6833'),
(402, 'Poblacion', '10.2500', '123.9500'),
(403, 'Jose Pa?ganiban', '14.3000', '122.7000'),
(404, 'Abuyog', '10.7458', '125.0122'),
(405, 'Gubat', '12.9167', '124.1167'),
(406, 'Solano', '16.5239', '121.1919'),
(407, 'Maasin', '5.8667', '125.0000'),
(408, 'Sibulan', '9.3500', '123.2833'),
(409, 'Cambanugoy', '7.5386', '125.7508'),
(410, 'Angat', '14.9281', '121.0293'),
(411, 'Obando', '14.7000', '120.9167'),
(412, 'Paracale', '14.2833', '122.7833'),
(413, 'Baao', '13.4535', '123.3654'),
(414, 'Cabatuan', '10.8833', '122.4833'),
(415, 'Mamungan', '8.1167', '124.2167'),
(416, 'Ragay', '13.8183', '122.7923'),
(417, 'Santa Cruz', '15.7667', '119.9167'),
(418, 'Morong', '14.5119', '121.2389'),
(419, 'Palompon', '11.0500', '124.3833'),
(420, 'Santo Domingo', '15.5833', '120.8667'),
(421, 'Castilla', '12.9486', '123.8822'),
(422, 'Moncada', '15.7333', '120.5667'),
(423, 'Teresa', '14.5586', '121.2083'),
(424, 'Botolan', '15.2896', '120.0245'),
(425, 'San Remigio', '11.0000', '123.9500'),
(426, 'Milagros', '12.2333', '123.5000'),
(427, 'Ilog', '10.0333', '122.7667'),
(428, 'Asingan', '16.0023', '120.6695'),
(429, 'Masantol', '14.9000', '120.7167'),
(430, 'Jinoba-an', '9.6018', '122.4668'),
(431, 'Matanao', '6.7500', '125.2333'),
(432, 'Irosin', '12.7000', '124.0333'),
(433, 'Gattaran', '18.0667', '121.6500'),
(434, 'Kananya', '11.1833', '124.5667'),
(435, 'Tulunan', '6.8333', '124.8833'),
(436, 'Calatagan', '13.8322', '120.6322'),
(437, 'Santa Cruz', '13.4833', '122.0333'),
(438, 'Tandag', '9.0667', '126.1833'),
(439, 'Taal', '13.8833', '120.9333'),
(440, 'Malvar', '14.0417', '121.1583'),
(441, 'Baganga', '7.5752', '126.5585'),
(442, 'Uson', '12.2253', '123.7834'),
(443, 'San Fernando', '7.9167', '125.3333'),
(444, 'Orion', '14.6206', '120.5817'),
(445, 'Placer', '11.8667', '123.9167'),
(446, 'Pavia', '10.7750', '122.5417'),
(447, 'Basey', '11.2817', '125.0683'),
(448, 'Lagonoy', '13.7333', '123.5167'),
(449, 'Rosario', '16.2333', '120.4833'),
(450, 'San Mariano', '16.9833', '122.0167'),
(451, 'Medellin', '11.1286', '123.9622'),
(452, 'Tigaon', '13.6333', '123.5000'),
(453, 'Alangalang', '11.2000', '124.8500'),
(454, 'Batac', '18.0554', '120.5649'),
(455, 'San Francisco', '10.6500', '124.3500'),
(456, 'Santa Ana', '15.0939', '120.7681'),
(457, 'Sigaboy', '6.6500', '126.0667'),
(458, 'Tanauan', '11.1167', '125.0167'),
(459, 'Manapla', '10.9580', '123.1230'),
(460, 'New Corella', '7.5866', '125.8237'),
(461, 'Esperanza', '8.6760', '125.6454'),
(462, 'Boac', '13.4500', '121.8333'),
(463, 'Naval', '11.5833', '124.4500'),
(464, 'Binalonan', '16.0500', '120.6000'),
(465, 'Mansalay', '12.5204', '121.4385'),
(466, 'Canlaon', '10.3833', '123.2000'),
(467, 'Jasaan', '8.6500', '124.7500'),
(468, 'Naguilian', '16.5333', '120.4000'),
(469, 'Barotac Nuevo', '10.9000', '122.7000'),
(470, 'San Luis', '15.0400', '120.7919'),
(471, 'Vigan', '17.5747', '120.3869'),
(472, 'Magsaysay', '6.7667', '125.1833'),
(473, 'Santa Maria', '6.5500', '125.4667'),
(474, 'Upi', '7.0289', '124.1650'),
(475, 'Bambang', '16.3825', '121.1100'),
(476, 'Hagonoy', '6.6833', '125.3000'),
(477, 'Paombong', '14.8311', '120.7892'),
(478, 'Roxas', '12.5833', '121.5000'),
(479, 'San Simon', '14.9980', '120.7800'),
(480, 'Pangantocan', '7.8333', '124.8333'),
(481, 'Mulanay', '13.5222', '122.4042'),
(482, 'Tiwi', '13.4585', '123.6805'),
(483, 'Guiuan', '11.0333', '125.7333'),
(484, 'Malay', '11.9000', '121.9167'),
(485, 'Ibaan', '13.8176', '121.1330'),
(486, 'San Manuel', '16.0656', '120.6667'),
(487, 'Burauen', '10.9833', '124.9000'),
(488, 'Ramon', '16.7833', '121.5333'),
(489, 'Lian', '14.0333', '120.6500'),
(490, 'Diffun', '16.6000', '121.4667'),
(491, 'Minalabac', '13.5667', '123.1833'),
(492, 'Ajuy', '11.1725', '123.0196'),
(493, 'Bato', '13.3561', '123.3639'),
(494, 'Molave', '8.0833', '123.4833'),
(495, 'San Joaquin', '10.6000', '122.0833'),
(496, 'Pontevedra', '10.3667', '122.8833'),
(497, 'Alfonso', '14.1379', '120.8552'),
(498, 'Tagkawayan', '13.9667', '122.5333'),
(499, 'Coron', '12.0000', '120.2000'),
(500, 'San Isidro', '15.2667', '120.9000'),
(501, 'Trento', '8.0459', '126.0614'),
(502, 'Lucban', '14.1133', '121.5569'),
(503, 'Carigara', '11.3000', '124.6833'),
(504, 'Cogan', '10.5833', '123.9667'),
(505, 'Tapas', '11.2667', '122.5333'),
(506, 'Dumanjog', '10.0500', '123.4833'),
(507, 'Mercedes', '14.1093', '123.0109'),
(508, 'Aurora', '7.9484', '123.5819'),
(509, 'Iba', '15.3333', '119.9833'),
(510, 'Buenavista', '10.7000', '122.6333'),
(511, 'Cataingan', '12.0000', '123.9833'),
(512, 'Bani', '16.1869', '119.8592'),
(513, 'Pila', '14.2333', '121.3667'),
(514, 'Kitaotao', '7.6397', '125.0089'),
(515, 'El Salvador', '8.5667', '124.5167'),
(516, 'Cabagan', '17.4333', '121.7667'),
(517, 'Urbiztondo', '15.8227', '120.3295'),
(518, 'Buluan', '6.7154', '124.7854'),
(519, 'Leon', '10.7808', '122.3894'),
(520, 'Barobo', '8.5500', '126.2000'),
(521, 'Donsol', '12.9167', '123.6000'),
(522, 'Titay', '7.8682', '122.5613'),
(523, 'Ibajay', '11.8167', '122.1667'),
(524, 'Zaragoza', '15.4531', '120.7911'),
(525, 'Magpet', '7.1167', '125.1167'),
(526, 'Kalamansig', '6.5667', '124.0500'),
(527, 'Pasacao', '13.5167', '123.0500'),
(528, 'Cardona', '14.4861', '121.2289'),
(529, 'Claveria', '8.6100', '124.8947'),
(530, 'Kiblawan', '6.6167', '125.2167'),
(531, 'Libungan', '7.2500', '124.5167'),
(532, 'Hamtic', '10.7000', '121.9833'),
(533, 'Pe?ablanca', '17.6333', '121.7833'),
(534, 'Estancia', '11.4500', '123.1500'),
(535, 'San Narciso', '13.5677', '122.5667'),
(536, 'Padre Garcia', '13.8833', '121.2167'),
(537, 'Sibonga', '10.0333', '123.5667'),
(538, 'Bangued', '17.5965', '120.6179'),
(539, 'Poblacion', '10.4667', '123.9667'),
(540, 'General Tinio', '15.3500', '121.0500'),
(541, 'Amulung', '17.8387', '121.7235'),
(542, 'Alaminos', '14.0635', '121.2451'),
(543, 'Impasugong', '8.3000', '125.0000'),
(544, 'Asturias', '10.5679', '123.7172'),
(545, 'Bantacan', '7.5333', '126.1333'),
(546, 'Masinloc', '15.5333', '119.9500'),
(547, 'Minalin', '14.9667', '120.6833'),
(548, 'Tuba', '16.3167', '120.5500'),
(549, 'Caramoan', '13.7707', '123.8631'),
(550, 'President Roxas', '7.1544', '125.0558'),
(551, 'Santa Ignacia', '15.6167', '120.4333'),
(552, 'Sison', '16.1667', '120.5167'),
(553, 'Dumingag', '8.1667', '123.3500'),
(554, 'Aringay', '16.3982', '120.3555'),
(555, 'Dulag', '10.9525', '125.0317'),
(556, 'Tubod', '8.0500', '123.8000'),
(557, 'Isabel', '10.9333', '124.4333'),
(558, 'Siocon', '7.7000', '122.1333'),
(559, 'Pio Duran', '13.0333', '123.4500'),
(560, 'Rosario', '8.3814', '126.0015'),
(561, 'San Pascual', '13.1333', '122.9833'),
(562, 'Norala', '6.5500', '124.6667'),
(563, 'Mahayag', '8.1333', '123.3833'),
(564, 'Pontevedra', '11.4833', '122.8333'),
(565, 'Albuera', '10.9186', '124.6923'),
(566, 'Carmen', '9.8167', '124.2000'),
(567, 'Ayungon', '9.8584', '123.1468'),
(568, 'Mabini', '13.7167', '120.9000'),
(569, 'Dumarao', '11.2667', '122.6833'),
(570, 'Panay', '11.5500', '122.8000'),
(571, 'Ocampo', '13.5594', '123.3761'),
(572, 'Tibigan', '9.9500', '123.9667'),
(573, 'Inabanga', '10.0333', '124.0667'),
(574, 'Wao', '7.6404', '124.7257'),
(575, 'Noveleta', '14.4333', '120.8833'),
(576, 'Barotac Viejo', '11.0500', '122.8500'),
(577, 'Jones', '16.5583', '121.7000'),
(578, 'Dauis', '9.6167', '123.8500'),
(579, 'Katipunan', '8.5134', '123.2847'),
(580, 'Odiongan', '12.4000', '122.0000'),
(581, 'Dingle', '11.0500', '122.6667'),
(582, 'Talisay', '14.1000', '121.0167'),
(583, 'Malinao', '13.4000', '123.7000'),
(584, 'Pilar', '11.4833', '123.0000'),
(585, 'Guinayangan', '13.9000', '122.4500'),
(586, 'Bunawan', '8.1781', '125.9935'),
(587, 'Gloria', '12.9167', '121.4667'),
(588, 'New Washington', '11.6500', '122.4333'),
(589, 'Sogod', '10.3833', '124.9833'),
(590, 'Maitum', '6.0333', '124.4833'),
(591, 'Talagutong', '6.2667', '125.6667'),
(592, 'Lal-lo', '18.2000', '121.6667'),
(593, 'Kabasalan', '7.7968', '122.7627'),
(594, 'Balimbing', '5.0728', '119.8847'),
(595, 'Narvacan', '17.4175', '120.4753'),
(596, 'Libona', '8.3333', '124.7333'),
(597, 'Malabang', '7.5903', '124.0703'),
(598, 'Lupao', '15.8793', '120.8983'),
(599, 'Tuy', '14.0167', '120.7333'),
(600, 'Montevista', '7.7000', '125.9833'),
(601, 'Veruela', '8.0698', '125.9554'),
(602, 'Claveria', '12.9035', '123.2457'),
(603, 'Banisilan', '7.5000', '124.7000'),
(604, 'Roseller Lim', '7.6568', '122.4701'),
(605, 'Buguias', '16.7167', '120.8333'),
(606, 'Vinzons', '14.1833', '122.9000'),
(607, 'Alcala', '15.8468', '120.5218'),
(608, 'Tantangan', '6.6167', '124.7500'),
(609, 'Jaro', '11.1833', '124.7833'),
(610, 'Concepcion', '11.2000', '123.1000'),
(611, 'Tayug', '16.0267', '120.7478'),
(612, 'Angadanan', '16.7571', '121.7479'),
(613, 'Mamburao', '13.2233', '120.5960'),
(614, 'Cordon', '16.6667', '121.4500'),
(615, 'Daram', '11.6341', '124.7947'),
(616, 'Dolores', '12.0500', '125.4833'),
(617, 'Manay', '7.2167', '126.5333'),
(618, 'Loreto', '8.1856', '125.8538'),
(619, 'Manjuyod', '9.6833', '123.1500'),
(620, 'Pagsanjan', '14.2667', '121.4500'),
(621, 'Toboso', '10.7167', '123.5167'),
(622, 'Bacnotan', '16.7333', '120.3833'),
(623, 'Lower Tungawan', '7.6017', '122.4273'),
(624, 'Nasipit', '8.9884', '125.3408'),
(625, 'Villaba', '11.2167', '124.4000'),
(626, 'Pilar', '14.6667', '120.5667'),
(627, 'Labangan', '7.8667', '123.5167'),
(628, 'Sumisip', '6.4167', '121.9833'),
(629, 'General Mamerto Natividad', '15.6025', '121.0515'),
(630, 'El Nido', '11.1956', '119.4075'),
(631, 'Kalilangan', '7.7500', '124.7500'),
(632, 'Santa Rita', '11.4667', '124.9500'),
(633, 'Siay', '7.7056', '122.8641'),
(634, 'Lobo', '13.6500', '121.2500'),
(635, 'Aguilar', '15.8899', '120.2379'),
(636, 'President Quirino', '6.7000', '124.7333'),
(637, 'Moises Padilla', '10.2667', '123.0833'),
(638, 'Labason', '8.0667', '122.5167'),
(639, 'Mandaon', '12.2259', '123.2842'),
(640, 'Culasi', '11.4272', '122.0560'),
(641, 'Carranglan', '15.9667', '121.0667'),
(642, 'Banaybanay', '6.9699', '126.0126'),
(643, 'Guambog', '7.3000', '125.8500'),
(644, 'Matnog', '12.5833', '124.0833'),
(645, 'Palayan City', '15.5333', '121.0833'),
(646, 'Basud', '14.0667', '122.9667'),
(647, 'Pananaw', '5.9833', '121.2500'),
(648, 'Proper Bansud', '12.8333', '121.3667'),
(649, 'Santa Rita', '14.9953', '120.6153'),
(650, 'Santo Ni?o', '6.4333', '124.6833'),
(651, 'San Jacinto', '16.0725', '120.4411'),
(652, 'Santa Elena', '14.2000', '122.3833'),
(653, 'Maria Aurora', '15.7967', '121.4737'),
(654, 'Cateel', '7.7833', '126.4500'),
(655, 'Maluso', '6.5500', '121.8833'),
(656, 'Leyte', '11.3667', '124.4833'),
(657, 'San Jose', '13.7000', '123.5167'),
(658, 'Quezon', '15.5500', '120.8167'),
(659, 'Santo Tomas', '14.9667', '120.7167'),
(660, 'Caraga', '7.3333', '126.5667'),
(661, 'Panitan', '11.4667', '122.7667'),
(662, 'South Upi', '6.8548', '124.1443'),
(663, 'Balabac', '7.9833', '117.0500'),
(664, 'Abucay', '14.7222', '120.5354'),
(665, 'Santa Cruz', '17.0833', '120.4500'),
(666, 'Hinatuan', '8.3667', '126.3333'),
(667, 'Tucuran', '7.8500', '123.5833'),
(668, 'Payabon', '9.7667', '123.1333'),
(669, 'Liloy', '8.1167', '122.6667'),
(670, 'Nueva Valencia', '10.5259', '122.5398'),
(671, 'Llanera', '15.6667', '121.0167'),
(672, 'Pagalungan', '7.0592', '124.6987'),
(673, 'Mambusao', '11.4333', '122.6000'),
(674, 'Kibawe', '7.5667', '124.9833'),
(675, 'Baler', '15.7583', '121.5625'),
(676, 'Tampakan', '6.4500', '124.9333'),
(677, 'Ba?ga', '11.6333', '122.3333'),
(678, 'Anda', '16.2896', '119.9491'),
(679, 'Bacolor', '14.9984', '120.6526'),
(680, 'Laurel', '14.0500', '120.9000'),
(681, 'Cabatuan', '16.9589', '121.6692'),
(682, 'Villanueva', '8.5833', '124.7833'),
(683, 'Polanco', '8.5333', '123.3667'),
(684, 'San Miguel', '8.8833', '126.0000'),
(685, 'President Manuel Acu?a Roxas', '8.5196', '123.2277'),
(686, 'Victoria', '14.2250', '121.3250'),
(687, 'Tagudin', '16.9333', '120.4500'),
(688, 'Balaoan', '16.8167', '120.4000'),
(689, 'Lasam', '18.0667', '121.6000'),
(690, 'Bulalacao', '12.3333', '121.3500'),
(691, 'Socorro', '13.0583', '121.4117'),
(692, 'Santo Tomas', '16.2833', '120.3833'),
(693, 'Tabogon', '10.9333', '124.0333'),
(694, 'Plaridel', '8.6214', '123.7101'),
(695, 'Gonzaga', '18.2667', '122.0000'),
(696, 'Alcala', '17.9031', '121.6590'),
(697, 'Tagbina', '8.4500', '126.1667'),
(698, 'Mobo', '12.3333', '123.6500'),
(699, 'San Dionisio', '11.2711', '123.0948'),
(700, 'Romblon', '12.5789', '122.2747'),
(701, 'Mambajao', '9.2500', '124.7167'),
(702, 'Malalag', '6.6000', '125.4000'),
(703, 'Mondragon', '12.5167', '124.7500'),
(704, 'La Libertad', '10.0333', '123.2167'),
(705, 'Dingras', '18.1000', '120.7000'),
(706, 'Naga', '7.7887', '122.6953'),
(707, 'Maddela', '16.3500', '121.7000'),
(708, 'Maayon', '11.3833', '122.7833'),
(709, 'Alimodian', '10.8196', '122.4322'),
(710, 'Talacogon', '8.4488', '125.7869'),
(711, 'Rizal', '12.4667', '120.9667'),
(712, 'Vallehermoso', '10.3333', '123.3167'),
(713, 'Balud', '12.0369', '123.1935'),
(714, 'Siniloan', '14.4167', '121.4500'),
(715, 'Agoncillo', '13.9334', '120.9285'),
(716, 'Taysan', '13.7833', '121.2000'),
(717, 'Las Navas', '12.3400', '125.0320'),
(718, 'Maimbung', '5.9333', '121.0333'),
(719, 'Badian', '9.8694', '123.3959'),
(720, 'Margosatubig', '7.5783', '123.1659'),
(721, 'Valladolid', '10.4667', '122.8333'),
(722, 'Malilipot', '13.3167', '123.7333'),
(723, 'Maragondon', '14.2667', '120.7333'),
(724, 'Kasibu', '16.3167', '121.2833'),
(725, 'Amadeo', '14.1728', '120.9277'),
(726, 'Pamplona', '9.4667', '123.1167'),
(727, 'Clarin', '8.2000', '123.8500'),
(728, 'Cabugao', '17.8000', '120.4500'),
(729, 'Santa Cruz', '13.1167', '120.8500'),
(730, 'Aritao', '16.2973', '121.0338'),
(731, 'Baco', '13.3584', '121.0977'),
(732, 'San Juan', '16.6667', '120.3333'),
(733, 'Patnongon', '10.9167', '121.9833'),
(734, 'Poblacion', '7.5000', '125.9333'),
(735, 'Mapandan', '16.0167', '120.4500'),
(736, 'Maasin', '10.8833', '122.4333'),
(737, 'Rapu-Rapu', '13.1833', '124.1333'),
(738, 'Basilisa', '10.0654', '125.5968'),
(739, 'Mabuhay', '7.4176', '122.8370'),
(740, 'San Andres', '13.6000', '124.1000'),
(741, 'San Nicolas', '18.1725', '120.5958'),
(742, 'Jamindan', '11.4000', '122.5000'),
(743, 'Buug', '7.7333', '123.0667'),
(744, 'Puerto Galera', '13.5000', '120.9542'),
(745, 'Lilio', '14.1300', '121.4360'),
(746, 'Oras', '12.1333', '125.4333'),
(747, 'Bacong', '9.2464', '123.2948'),
(748, 'Manucan', '8.5161', '123.0917'),
(749, 'Nabas', '11.8333', '122.0833'),
(750, 'Madridejos', '11.2667', '123.7333'),
(751, 'Pamplona', '13.6000', '123.0833'),
(752, 'Tambulig', '8.0667', '123.5333'),
(753, 'Lumba-a-Bayabao', '7.8833', '124.3833'),
(754, 'Jordan', '10.6000', '122.6000'),
(755, 'Batobato', '6.8244', '126.0830'),
(756, 'Magsaysay', '12.3333', '121.1500'),
(757, 'Alicia', '7.5060', '122.9412'),
(758, 'Real', '14.6667', '121.6000'),
(759, 'Mankayan', '16.8667', '120.7833'),
(760, 'Bangar', '16.9000', '120.4167'),
(761, 'Enrile', '17.5500', '121.7000'),
(762, 'Luna', '16.8500', '120.3833'),
(763, 'San Andres', '13.3667', '122.6500'),
(764, 'Bantay', '17.5833', '120.3833'),
(765, 'Laur', '15.5833', '121.1833'),
(766, 'San Nicolas', '16.0700', '120.7653'),
(767, 'Borbon', '10.8333', '124.0000'),
(768, 'Dinas', '7.6136', '123.3389'),
(769, 'Bagabag', '16.6044', '121.2521'),
(770, 'Caluya', '11.9333', '121.5500'),
(771, 'Tayasan', '9.9167', '123.1500'),
(772, 'Tago', '9.0211', '126.2317'),
(773, 'Samal', '14.7678', '120.5431'),
(774, 'Buldon', '7.5167', '124.3667'),
(775, 'San Fernando', '13.5667', '123.1500'),
(776, 'Dagami', '11.0611', '124.9031'),
(777, 'Sogod', '10.7500', '124.0000'),
(778, 'Aborlan', '9.4386', '118.5481'),
(779, 'Aurora', '16.9918', '121.6357'),
(780, 'Santo Domingo', '13.2350', '123.7769'),
(781, 'Siayan', '8.2519', '123.1122'),
(782, 'Palauig', '15.4333', '120.0500'),
(783, 'Valencia', '9.2833', '123.2500'),
(784, 'Gasan', '13.3167', '121.8500'),
(785, 'Pola', '13.1439', '121.4400'),
(786, 'San Antonio', '14.9486', '120.0864'),
(787, 'Gutalac', '7.9833', '122.4000'),
(788, 'Sibuco', '7.2833', '122.0667'),
(789, 'Magsaysay', '9.0167', '125.1833'),
(790, 'Sagnay', '13.6000', '123.5167'),
(791, 'Gandara', '12.0130', '124.8118'),
(792, 'Imbatug', '8.3128', '124.6873'),
(793, 'Pandan', '11.7167', '122.1000'),
(794, 'Ballesteros', '18.4000', '121.5167'),
(795, 'Palapag', '12.5470', '125.1160'),
(796, 'Due?as', '11.0667', '122.6167'),
(797, 'Canaman', '13.6500', '123.1667'),
(798, 'Tabango', '11.3167', '124.3667'),
(799, 'Sual', '16.0667', '120.1000'),
(800, 'Mogpog', '13.4833', '121.8667'),
(801, 'Cabanglasan', '8.0667', '125.3167'),
(802, 'San Enrique', '11.0697', '122.6567'),
(803, 'Jagna', '9.6500', '124.3667'),
(804, 'Guimbal', '10.6667', '122.3167'),
(805, 'Kadingilan', '7.6000', '124.9167'),
(806, 'Olutanga', '7.3106', '122.8464'),
(807, 'San Marcelino', '14.9742', '120.1573'),
(808, 'Bugasong', '11.0500', '122.0667'),
(809, 'Capoocan', '11.2833', '124.6500'),
(810, 'Sulop', '6.5986', '125.3436'),
(811, 'Bayog', '7.8474', '123.0423'),
(812, 'Allacapan', '18.2270', '121.5556'),
(813, 'Panglao', '9.5833', '123.7500'),
(814, 'Languyan', '5.2667', '120.0833'),
(815, 'San Antonio', '13.9000', '121.3000'),
(816, 'Malangas', '7.6263', '123.0340'),
(817, 'Sitangkai', '4.6615', '119.3919'),
(818, 'Columbio', '6.7000', '124.9333'),
(819, 'San Luis', '13.8333', '120.9333'),
(820, 'Matalom', '10.2833', '124.8000'),
(821, 'Balasan', '11.4728', '123.0878'),
(822, 'Pambujan', '12.5667', '124.9333'),
(823, 'Tobias Fornier', '10.5167', '121.9500'),
(824, 'Santa Maria', '15.9808', '120.7003'),
(825, 'Catubig', '12.4000', '125.0500'),
(826, 'Marantao', '7.9500', '124.2330'),
(827, 'Munai', '7.9758', '124.0636'),
(828, 'Basista', '15.8524', '120.3976'),
(829, 'San Quintin', '15.9844', '120.8150'),
(830, 'Medina', '8.9167', '125.0167'),
(831, 'Santa Ana', '18.4667', '122.1500'),
(832, 'Casiguran', '12.8667', '124.0167'),
(833, 'Cuenca', '13.9167', '121.0500'),
(834, 'Claveria', '9.5667', '125.7333'),
(835, 'Barugo', '11.3167', '124.7333'),
(836, 'Banate', '11.0500', '122.7833'),
(837, 'Abulug', '18.4441', '121.4576'),
(838, 'Dao', '11.3944', '122.6858'),
(839, 'Leganes', '10.7833', '122.5833'),
(840, 'Diplahan', '7.6939', '122.9845'),
(841, 'Guindulman', '9.7620', '124.4880'),
(842, 'Initao', '8.5000', '124.3167'),
(843, 'Bonifacio', '8.0527', '123.6136'),
(844, 'Juban', '12.8500', '123.9833'),
(845, 'Bautista', '15.7833', '120.5000'),
(846, 'Jalajala', '14.3557', '121.3233'),
(847, 'Mayantoc', '15.6167', '120.3833'),
(848, 'Vintar', '18.2250', '120.6500'),
(849, 'Bacarra', '18.2519', '120.6107'),
(850, 'Capalonga', '14.3333', '122.5000'),
(851, 'Salug', '8.1079', '122.7542'),
(852, 'Lupi Viejo', '13.8167', '122.9000'),
(853, 'Luuk', '5.9676', '121.3133'),
(854, 'San Luis', '8.4964', '125.7364'),
(855, 'Aloguinsan', '10.2229', '123.5491'),
(856, 'Midsalip', '8.0324', '123.3145'),
(857, 'Batan', '11.5833', '122.5000'),
(858, 'Pinukpuk', '17.6000', '121.3667'),
(859, 'Dumalinao', '7.8167', '123.3667'),
(860, 'Igbaras', '10.7167', '122.2667'),
(861, 'Trinidad', '10.0795', '124.3432'),
(862, 'San Remigio', '10.8331', '122.0875'),
(863, 'Numancia', '11.7000', '122.3333'),
(864, 'Naguilian', '17.0167', '121.8500'),
(865, 'San Manuel', '17.0167', '121.6333'),
(866, 'Balimbing', '7.9000', '123.8500'),
(867, 'Shariff Aguak', '6.8647', '124.4417'),
(868, 'Payao', '7.5857', '122.8022'),
(869, 'San Isidro', '11.4167', '124.3500'),
(870, 'Badoc', '17.9267', '120.4754'),
(871, 'Kalingalan Caluang', '5.8833', '121.2667'),
(872, 'Mendez-Nu?ez', '14.1286', '120.9058'),
(873, 'Laoac East', '16.0333', '120.5500'),
(874, 'Cantilan', '9.3336', '125.9775'),
(875, 'Lingig', '8.0381', '126.4127'),
(876, 'Abra de Ilog', '13.4448', '120.7260'),
(877, 'San Vicente', '10.5333', '119.2833'),
(878, 'Calubian', '11.4500', '124.4167'),
(879, 'Simunul', '4.8980', '119.8213'),
(880, 'Milaor', '13.6000', '123.1833'),
(881, 'Moalboal', '9.9500', '123.4000'),
(882, 'Balungao', '15.9000', '120.7000'),
(883, 'Bauko', '16.9833', '120.8667'),
(884, 'Getafe', '10.1500', '124.1500'),
(885, 'Jimalalud', '9.9797', '123.1999'),
(886, 'Balatan', '13.3167', '123.2333'),
(887, 'Sapa Sapa', '5.0899', '120.2729'),
(888, 'Calape', '9.8833', '123.8833'),
(889, 'Lemery', '11.2333', '122.9333'),
(890, 'Santa Maria', '14.4750', '121.4250'),
(891, 'Magsingal', '17.6850', '120.4244'),
(892, 'Lumbang', '14.3000', '121.4667'),
(893, 'Simbahan', '6.3000', '120.5833'),
(894, 'Cabarroguis', '16.5833', '121.5000'),
(895, 'Polillo', '14.7167', '121.9500'),
(896, 'San Roque', '12.5330', '124.8670'),
(897, 'Torrijos', '13.3167', '122.0833'),
(898, 'Catmon', '10.6667', '123.9500'),
(899, 'Mallig', '17.2000', '121.6167'),
(900, 'Sibagat', '8.8219', '125.6938'),
(901, 'Sibutu', '4.8500', '119.4667'),
(902, 'San Jacinto', '12.5667', '123.7333'),
(903, 'Santa Maria', '17.3667', '120.4833'),
(904, 'Damulog', '7.4833', '124.9333'),
(905, 'Sergio Osme?a Sr', '8.2988', '123.5036'),
(906, 'Buguey', '18.2882', '121.8331'),
(907, 'Sigma', '11.4214', '122.6662'),
(908, 'Dimataling', '7.5333', '123.3667'),
(909, 'Caramoran', '13.9833', '124.1333'),
(910, 'Buenavista', '13.7394', '122.4675'),
(911, 'Talayan', '6.9844', '124.3564'),
(912, 'Barira', '7.4833', '124.3000'),
(913, 'Hinunangan', '10.4000', '125.2000'),
(914, 'Talusan', '7.4263', '122.8084'),
(915, 'Pantabangan', '15.8167', '121.1500'),
(916, 'Claveria', '18.6000', '121.0833'),
(917, 'Gamu', '17.0500', '121.8333'),
(918, 'Morong', '14.6800', '120.2683'),
(919, 'Pe?aranda', '15.3500', '121.0000'),
(920, 'Merida', '10.9098', '124.5376'),
(921, 'Calintaan', '12.5756', '120.9428'),
(922, 'Matanog', '7.4667', '124.2500'),
(923, 'Dipaculao', '15.9833', '121.6333'),
(924, 'Alubijid', '8.5714', '124.4751'),
(925, 'General Nakar', '14.7631', '121.6350'),
(926, 'President Roxas', '11.4300', '122.9300'),
(927, 'Benito Soliven', '16.9833', '121.9500'),
(928, 'Lianga', '8.6330', '126.0932'),
(929, 'Candijay', '9.8180', '124.4960'),
(930, 'Dumalag', '11.3000', '122.6167'),
(931, 'Tandubas', '5.1340', '120.3461'),
(932, 'Mataas Na Kahoy', '13.9667', '121.0833'),
(933, 'Balindong', '7.9167', '124.2000'),
(934, 'Masiu', '7.8167', '124.3167'),
(935, 'Dasol', '15.9896', '119.8805'),
(936, 'Ivisan', '11.5217', '122.6908'),
(937, 'Pasuquin', '18.3333', '120.6167'),
(938, 'Tudela', '8.2472', '123.8424'),
(939, 'Balete', '11.5500', '122.3833'),
(940, 'Bontoc', '10.3500', '124.9667'),
(941, 'Dolores', '14.0157', '121.4011'),
(942, 'New Panamao', '5.9667', '121.2000'),
(943, 'Siraway', '7.5881', '122.1424'),
(944, 'Lavezares', '12.5333', '124.3333'),
(945, 'Tubao', '16.3500', '120.4167'),
(946, 'Salay', '8.8667', '124.8000'),
(947, 'Anilao', '10.9785', '122.7531'),
(948, 'Santa Fe', '11.1500', '123.8000'),
(949, 'Kumalarang', '7.7500', '123.1500'),
(950, 'Manticao', '8.4042', '124.2867'),
(951, 'Las Nieves', '8.7351', '125.6010'),
(952, 'Saint Bernard', '10.2833', '125.1333'),
(953, 'Datu Paglas', '6.7669', '124.8500'),
(954, 'San Narciso', '15.0167', '120.0833'),
(955, 'Licab', '15.5439', '120.7634'),
(956, 'Libacao', '11.4833', '122.3000'),
(957, 'Villareal', '11.5667', '124.9333'),
(958, 'La Paz', '8.2801', '125.8092'),
(959, 'Macalelon', '13.7500', '122.1333'),
(960, 'Paracelis', '17.2667', '121.4667'),
(961, 'Agno', '16.1161', '119.8027'),
(962, 'Sexmoan', '14.9333', '120.6167'),
(963, 'Santo Domingo', '17.6333', '120.4083'),
(964, 'Oslob', '9.5500', '123.4000'),
(965, 'Caridad', '14.4828', '120.8958'),
(966, 'Pantao-Ragat', '8.0500', '124.1500'),
(967, 'Iguig', '17.7500', '121.7333'),
(968, 'Mahaplag', '10.5833', '124.9833'),
(969, 'Babatngon', '11.4207', '124.8434'),
(970, 'Majayjay', '14.1463', '121.4729'),
(971, 'Aglipay', '16.4889', '121.5874'),
(972, 'Dauin', '9.2000', '123.2667'),
(973, 'Pulupandan', '10.5167', '122.8000'),
(974, 'San Miguel', '10.7833', '122.4667'),
(975, 'Sumilao', '8.2872', '124.9456'),
(976, 'Jimenez', '8.3333', '123.8333'),
(977, 'Aloran', '8.4146', '123.8228'),
(978, 'Zamboanguita', '9.1167', '123.2000'),
(979, 'Dupax Del Norte', '16.2864', '121.0942'),
(980, 'San Jose', '10.0083', '125.5889'),
(981, 'Cuartero', '11.3500', '122.6667'),
(982, 'Ponot', '8.4500', '123.0333'),
(983, 'San Luis', '15.7167', '121.5167'),
(984, 'Lapuyan', '7.6333', '123.2000'),
(985, 'Siquijor', '9.1833', '123.5500'),
(986, 'Bontoc', '17.0872', '120.9756'),
(987, 'Padre Burgos', '13.9226', '121.8116'),
(988, 'Maribojoc', '9.7500', '123.8500'),
(989, 'Baclayon', '9.6227', '123.9135'),
(990, 'Lagawe', '16.8167', '121.1000'),
(991, 'Tingloy', '13.6500', '120.8667'),
(992, 'Anda', '9.7420', '124.5737'),
(993, 'Alcantara', '9.9715', '123.4047'),
(994, 'Agdangan', '13.8758', '121.9122'),
(995, 'Perez', '14.1833', '121.9333'),
(996, 'Padre Burgos', '10.0333', '125.0167'),
(997, 'Basco', '20.4500', '121.9667'),
(998, 'Corella', '9.6833', '123.9167'),
(999, 'Sikatuna', '9.6833', '123.9667'),
(1000, 'Oroquieta', '8.4859', '123.8048'),
(1001, 'Kabugao', '18.0231', '121.1840'),
(1002, 'Santa Cruz', '14.1167', '121.2833'),
(1003, 'Koronadal', '6.2541', '124.9922'),
(1004, 'San Jose', '10.1800', '125.5683'),
(1005, 'Tabuk', '17.4084', '121.2785'),
(1006, 'Pili', '13.7177', '123.7448'),
(1007, 'Madridejos', '9.7912', '123.3462');

-- --------------------------------------------------------

--
-- Table structure for table `forecast_agri`
--

CREATE TABLE `forecast_agri` (
  `forecast_agri_id` int(11) NOT NULL,
  `location_id` int(11) NOT NULL,
  `forecast_agri_date` datetime NOT NULL,
  `weather_id` int(11) NOT NULL,
  `wind` double NOT NULL,
  `humidity_from` double NOT NULL,
  `humidity_to` double NOT NULL,
  `templow` double NOT NULL,
  `temp_low_id` int(11) NOT NULL,
  `temphigh` double NOT NULL,
  `temp_high_id` int(11) NOT NULL,
  `rainfall_from` double NOT NULL,
  `rainfall_to` int(11) NOT NULL,
  `date_added` datetime NOT NULL,
  `added_by` int(11) NOT NULL,
  `isdeleted` int(11) NOT NULL
) ENGINE=InnoDB DEFAULT CHARSET=latin1;

--
-- Dumping data for table `forecast_agri`
--

INSERT INTO `forecast_agri` (`forecast_agri_id`, `location_id`, `forecast_agri_date`, `weather_id`, `wind`, `humidity_from`, `humidity_to`, `templow`, `temp_low_id`, `temphigh`, `temp_high_id`, `rainfall_from`, `rainfall_to`, `date_added`, `added_by`, `isdeleted`) VALUES
(1, 1, '2023-02-09 00:00:00', 1, 10, 35, 55, 27, 0, 35, 0, 10, 15, '2023-02-09 00:00:00', 1, 0),
(2, 2, '2023-02-10 00:00:00', 1, 10, 35, 55, 27, 0, 35, 0, 10, 15, '2023-02-10 00:00:00', 1, 0);

-- --------------------------------------------------------

--
-- Table structure for table `forecast_daily_details`
--

CREATE TABLE `forecast_daily_details` (
  `daily_details_id` int(11) NOT NULL,
  `location_id` int(11) NOT NULL,
  `forecast_date` varchar(255) NOT NULL,
  `daily_forecast_rainfall` double NOT NULL,
  `daily_forecast_rainfall_id` int(11) NOT NULL,
  `daily_forecast_rainfall_percentage` double NOT NULL,
  `daily_forecast_rain_percent_id` int(11) NOT NULL,
  `daily_forecast_low_temp` double NOT NULL,
  `daily_forecast_lowtemp_hex` varchar(255) NOT NULL,
  `daily_forecast_high_temp` double NOT NULL,
  `daily_forecast_hightemp_hex` varchar(255) NOT NULL,
  `date_added` varchar(255) NOT NULL,
  `added_by` int(11) NOT NULL,
  `isdeleted` int(11) NOT NULL
) ENGINE=InnoDB DEFAULT CHARSET=latin1;

--
-- Dumping data for table `forecast_daily_details`
--

INSERT INTO `forecast_daily_details` (`daily_details_id`, `location_id`, `forecast_date`, `daily_forecast_rainfall`, `daily_forecast_rainfall_id`, `daily_forecast_rainfall_percentage`, `daily_forecast_rain_percent_id`, `daily_forecast_low_temp`, `daily_forecast_lowtemp_hex`, `daily_forecast_high_temp`, `daily_forecast_hightemp_hex`, `date_added`, `added_by`, `isdeleted`) VALUES
(1, 1, '', 20, 1, 20, 1, 30, '#ffff00', 35, '#ff0022', '06-02-2023', 1, 0);

-- --------------------------------------------------------

--
-- Table structure for table `lup_humidity_legends`
--

CREATE TABLE `lup_humidity_legends` (
  `humidity_id` int(11) NOT NULL,
  `description` varchar(255) NOT NULL,
  `range_from` double NOT NULL,
  `range_to` double NOT NULL,
  `date_added` date NOT NULL,
  `added_by` int(11) NOT NULL,
  `isdeleted` int(11) NOT NULL
) ENGINE=InnoDB DEFAULT CHARSET=latin1;

-- --------------------------------------------------------

--
-- Table structure for table `lup_locations`
--

CREATE TABLE `lup_locations` (
  `location_id` int(255) NOT NULL,
  `location_description` varchar(255) DEFAULT NULL,
  `province_id` varchar(255) DEFAULT NULL,
  `lat` varchar(255) NOT NULL,
  `lng` varchar(255) NOT NULL,
  `date_added` varchar(255) NOT NULL,
  `added_by` int(11) NOT NULL,
  `isdeleted` int(11) NOT NULL
) ENGINE=MyISAM DEFAULT CHARSET=utf8;

--
-- Dumping data for table `lup_locations`
--

INSERT INTO `lup_locations` (`location_id`, `location_description`, `province_id`, `lat`, `lng`, `date_added`, `added_by`, `isdeleted`) VALUES
(1, 'ADAMS', '1', '', '', '', 0, 0),
(2, 'BACARRA', '1', '18.2519', '120.6107', '', 0, 0),
(3, 'BADOC', '1', '17.9267', '120.4754', '', 0, 0),
(4, 'BANGUIO', '1', '', '', '', 0, 0),
(5, 'CITY OF BATAC', '1', '', '', '', 0, 0),
(6, 'BURGOS', '1', '', '', '', 0, 0),
(7, 'CARASI', '1', '', '', '', 0, 0),
(8, 'CURRIMAO', '1', '', '', '', 0, 0),
(9, 'DINGRAS', '1', '18.1000', '120.7000', '', 0, 0),
(10, 'DUMALNEG', '1', '', '', '', 0, 0),
(11, 'BANNA (ESPIRITU)', '1', '', '', '', 0, 0),
(12, 'LAOAG CITY (Capital)', '1', '', '', '', 0, 0),
(13, 'MARCOS', '1', '', '', '', 0, 0),
(14, 'NUEVA ERA', '1', '', '', '', 0, 0),
(15, 'PAGUDPUD', '1', '', '', '', 0, 0),
(16, 'PAOAY', '1', '', '', '', 0, 0),
(17, 'PASUQUIN', '1', '18.3333', '120.6167', '', 0, 0),
(18, 'PIDDIG', '1', '', '', '', 0, 0),
(19, 'PINILI', '1', '', '', '', 0, 0),
(20, 'SAN NICOLAS', '1', '16.0700', '120.7653', '', 0, 0),
(21, 'SARRAT', '1', '', '', '', 0, 0),
(22, 'SOLSONA', '1', '', '', '', 0, 0),
(23, 'VINTAR', '1', '18.2250', '120.6500', '', 0, 0),
(24, 'ALILEM', '2', '', '', '', 0, 0),
(25, 'BANAYOYO', '2', '', '', '', 0, 0),
(26, 'BANTAY', '2', '17.5833', '120.3833', '', 0, 0),
(27, 'BURGOS', '2', '', '', '', 0, 0),
(28, 'CABUGAO', '2', '17.8000', '120.4500', '', 0, 0),
(29, 'CITY OF CANDON', '2', '', '', '', 0, 0),
(30, 'CAOAYAN', '2', '', '', '', 0, 0),
(31, 'CERVANTES', '2', '', '', '', 0, 0),
(32, 'GALIMUYOD', '2', '', '', '', 0, 0),
(33, 'GREGORIO DEL PILAR (CONCEPCION)', '2', '', '', '', 0, 0),
(34, 'LIDLIDDA', '2', '', '', '', 0, 0),
(35, 'MAGSINGAL', '2', '17.6850', '120.4244', '', 0, 0),
(36, 'NAGBUKEL', '2', '', '', '', 0, 0),
(37, 'NARVACAN', '2', '17.4175', '120.4753', '', 0, 0),
(38, 'QUIRINO (ANGKAKI)', '2', '', '', '', 0, 0),
(39, 'SALCEDO (BAUGEN)', '2', '', '', '', 0, 0),
(40, 'SAN EMILIO', '2', '', '', '', 0, 0),
(41, 'SAN ESTEBAN', '2', '', '', '', 0, 0),
(42, 'SAN ILDEFONSO', '2', '15.0789', '120.9419', '', 0, 0),
(43, 'SAN JUAN (LAPOG)', '2', '', '', '', 0, 0),
(44, 'SAN VICENTE', '2', '10.5333', '119.2833', '', 0, 0),
(45, 'SANTA', '2', '', '', '', 0, 0),
(46, 'SANTA CATALINA', '2', '9.3331', '122.8658', '', 0, 0),
(47, 'SANTA CRUZ', '2', '14.1167', '121.2833', '', 0, 0),
(48, 'SANTA LUCIA', '2', '', '', '', 0, 0),
(49, 'SANTA MARIA', '2', '17.3667', '120.4833', '', 0, 0),
(50, 'SANTIAGO', '2', '16.6833', '121.5500', '', 0, 0),
(51, 'SANTO DOMINGO', '2', '17.6333', '120.4083', '', 0, 0),
(52, 'SIGAY', '2', '', '', '', 0, 0),
(53, 'SINAIT', '2', '', '', '', 0, 0),
(54, 'SUGPON', '2', '', '', '', 0, 0),
(55, 'SUYO', '2', '', '', '', 0, 0),
(56, 'TAGUDIN', '2', '16.9333', '120.4500', '', 0, 0),
(57, 'CITY OF VIGAN (Capital)', '2', '', '', '', 0, 0),
(58, 'AGOO', '3', '16.3220', '120.3647', '', 0, 0),
(59, 'ARINGAY', '3', '16.3982', '120.3555', '', 0, 0),
(60, 'BACNOTAN', '3', '16.7333', '120.3833', '', 0, 0),
(61, 'BAGULIN', '3', '', '', '', 0, 0),
(62, 'BALAOAN', '3', '16.8167', '120.4000', '', 0, 0),
(63, 'BANGAR', '3', '16.9000', '120.4167', '', 0, 0),
(64, 'BAUANG', '3', '16.5333', '120.3333', '', 0, 0),
(65, 'BURGOS', '3', '', '', '', 0, 0),
(66, 'CABA', '3', '', '', '', 0, 0),
(67, 'LUNA', '3', '16.8500', '120.3833', '', 0, 0),
(68, 'NAGUILIAN', '3', '17.0167', '121.8500', '', 0, 0),
(69, 'PUGO', '3', '', '', '', 0, 0),
(70, 'ROSARIO', '3', '8.3814', '126.0015', '', 0, 0),
(71, 'CITY OF SAN FERNANDO (Capital)', '3', '', '', '', 0, 0),
(72, 'SAN GABRIEL', '3', '', '', '', 0, 0),
(73, 'SAN JUAN', '3', '16.6667', '120.3333', '', 0, 0),
(74, 'SANTO TOMAS', '3', '16.2833', '120.3833', '', 0, 0),
(75, 'SANTOL', '3', '', '', '', 0, 0),
(76, 'SUDIPEN', '3', '', '', '', 0, 0),
(77, 'TUBAO', '3', '16.3500', '120.4167', '', 0, 0),
(78, 'AGNO', '4', '16.1161', '119.8027', '', 0, 0),
(79, 'AGUILAR', '4', '15.8899', '120.2379', '', 0, 0),
(80, 'CITY OF ALAMINOS', '4', '', '', '', 0, 0),
(81, 'ALCALA', '4', '17.9031', '121.6590', '', 0, 0),
(82, 'ANDA', '4', '9.7420', '124.5737', '', 0, 0),
(83, 'ASINGAN', '4', '16.0023', '120.6695', '', 0, 0),
(84, 'BALUNGAO', '4', '15.9000', '120.7000', '', 0, 0),
(85, 'BANI', '4', '16.1869', '119.8592', '', 0, 0),
(86, 'BASISTA', '4', '15.8524', '120.3976', '', 0, 0),
(87, 'BAUTISTA', '4', '15.7833', '120.5000', '', 0, 0),
(88, 'BAYAMBANG', '4', '', '', '', 0, 0),
(89, 'BINALONAN', '4', '16.0500', '120.6000', '', 0, 0),
(90, 'BINMALEY', '4', '16.0323', '120.2690', '', 0, 0),
(91, 'BOLINAO', '4', '16.3333', '119.8833', '', 0, 0),
(92, 'BUGALLON', '4', '15.9167', '120.1833', '', 0, 0),
(93, 'BURGOS', '4', '', '', '', 0, 0),
(94, 'CALASIAO', '4', '16.0167', '120.3667', '', 0, 0),
(95, 'DAGUPAN CITY', '4', '16.0333', '120.3333', '', 0, 0),
(96, 'DASOL', '4', '15.9896', '119.8805', '', 0, 0),
(97, 'INFANTA', '4', '14.7425', '121.6494', '', 0, 0),
(98, 'LABRADOR', '4', '', '', '', 0, 0),
(99, 'LINGAYEN (Capital)', '4', '', '', '', 0, 0),
(100, 'MABINI', '4', '13.7167', '120.9000', '', 0, 0),
(101, 'MALASIQUI', '4', '15.9167', '120.4167', '', 0, 0),
(102, 'MANAOAG', '4', '16.0439', '120.4856', '', 0, 0),
(103, 'MANGALDAN', '4', '16.0700', '120.4025', '', 0, 0),
(104, 'MANGATAREM', '4', '15.7874', '120.2921', '', 0, 0),
(105, 'MAPANDAN', '4', '16.0167', '120.4500', '', 0, 0),
(106, 'NATIVIDAD', '4', '', '', '', 0, 0),
(107, 'POZORRUBIO', '4', '16.1167', '120.5500', '', 0, 0),
(108, 'ROSALES', '4', '15.8944', '120.6328', '', 0, 0),
(109, 'SAN CARLOS CITY', '4', '15.9281', '120.3489', '', 0, 0),
(110, 'SAN FABIAN', '4', '16.1500', '120.4500', '', 0, 0),
(111, 'SAN JACINTO', '4', '12.5667', '123.7333', '', 0, 0),
(112, 'SAN MANUEL', '4', '17.0167', '121.6333', '', 0, 0),
(113, 'SAN NICOLAS', '4', '', '', '', 0, 0),
(114, 'SAN QUINTIN', '4', '15.9844', '120.8150', '', 0, 0),
(115, 'SANTA BARBARA', '4', '10.8231', '122.5344', '', 0, 0),
(116, 'SANTA MARIA', '4', '', '', '', 0, 0),
(117, 'SANTO TOMAS', '4', '', '', '', 0, 0),
(118, 'SISON', '4', '16.1667', '120.5167', '', 0, 0),
(119, 'SUAL', '4', '16.0667', '120.1000', '', 0, 0),
(120, 'TAYUG', '4', '16.0267', '120.7478', '', 0, 0),
(121, 'UMINGAN', '4', '15.9000', '120.8000', '', 0, 0),
(122, 'URBIZTONDO', '4', '15.8227', '120.3295', '', 0, 0),
(123, 'CITY OF URDANETA', '4', '', '', '', 0, 0),
(124, 'VILLASIS', '4', '15.9000', '120.5833', '', 0, 0),
(125, 'LAOAC', '4', '', '', '', 0, 0),
(126, 'BASCO (Capital)', '5', '', '', '', 0, 0),
(127, 'ITBAYAT', '5', '', '', '', 0, 0),
(128, 'IVANA', '5', '', '', '', 0, 0),
(129, 'MAHATAO', '5', '', '', '', 0, 0),
(130, 'SABTANG', '5', '', '', '', 0, 0),
(131, 'UYUGAN', '5', '', '', '', 0, 0),
(132, 'ABULUG', '6', '18.4441', '121.4576', '', 0, 0),
(133, 'ALCALA', '6', '', '', '', 0, 0),
(134, 'ALLACAPAN', '6', '18.2270', '121.5556', '', 0, 0),
(135, 'AMULUNG', '6', '17.8387', '121.7235', '', 0, 0),
(136, 'APARRI', '6', '18.3550', '121.6419', '', 0, 0),
(137, 'BAGGAO', '6', '17.8894', '121.8709', '', 0, 0),
(138, 'BALLESTEROS', '6', '18.4000', '121.5167', '', 0, 0),
(139, 'BUGUEY', '6', '18.2882', '121.8331', '', 0, 0),
(140, 'CALAYAN', '6', '', '', '', 0, 0),
(141, 'CAMALANIUGAN', '6', '', '', '', 0, 0),
(142, 'CLAVERIA', '6', '18.6000', '121.0833', '', 0, 0),
(143, 'ENRILE', '6', '17.5500', '121.7000', '', 0, 0),
(144, 'GATTARAN', '6', '18.0667', '121.6500', '', 0, 0),
(145, 'GONZAGA', '6', '18.2667', '122.0000', '', 0, 0),
(146, 'IGUIG', '6', '17.7500', '121.7333', '', 0, 0),
(147, 'LAL-LO', '6', '18.2000', '121.6667', '', 0, 0),
(148, 'LASAM', '6', '18.0667', '121.6000', '', 0, 0),
(149, 'PAMPLONA', '6', '13.6000', '123.0833', '', 0, 0),
(150, 'PEÑABLANCA', '6', '', '', '', 0, 0),
(151, 'PIAT', '6', '', '', '', 0, 0),
(152, 'RIZAL', '6', '12.4667', '120.9667', '', 0, 0),
(153, 'SANCHEZ-MIRA', '6', '', '', '', 0, 0),
(154, 'SANTA ANA', '6', '18.4667', '122.1500', '', 0, 0),
(155, 'SANTA PRAXEDES', '6', '', '', '', 0, 0),
(156, 'SANTA TERESITA', '6', '', '', '', 0, 0),
(157, 'SANTO NIÑO (FAIRE)', '6', '', '', '', 0, 0),
(158, 'SOLANA', '6', '17.6500', '121.6833', '', 0, 0),
(159, 'TUAO', '6', '17.7333', '121.4500', '', 0, 0),
(160, 'TUGUEGARAO CITY (Capital)', '6', '', '', '', 0, 0),
(161, 'ALICIA', '7', '7.5060', '122.9412', '', 0, 0),
(162, 'ANGADANAN', '7', '16.7571', '121.7479', '', 0, 0),
(163, 'AURORA', '7', '16.9918', '121.6357', '', 0, 0),
(164, 'BENITO SOLIVEN', '7', '16.9833', '121.9500', '', 0, 0),
(165, 'BURGOS', '7', '', '', '', 0, 0),
(166, 'CABAGAN', '7', '17.4333', '121.7667', '', 0, 0),
(167, 'CABATUAN', '7', '16.9589', '121.6692', '', 0, 0),
(168, 'CITY OF CAUAYAN', '7', '', '', '', 0, 0),
(169, 'CORDON', '7', '16.6667', '121.4500', '', 0, 0),
(170, 'DINAPIGUE', '7', '', '', '', 0, 0),
(171, 'DIVILACAN', '7', '', '', '', 0, 0),
(172, 'ECHAGUE', '7', '16.7000', '121.6500', '', 0, 0),
(173, 'GAMU', '7', '17.0500', '121.8333', '', 0, 0),
(174, 'ILAGAN CITY (Capital)', '7', '', '', '', 0, 0),
(175, 'JONES', '7', '16.5583', '121.7000', '', 0, 0),
(176, 'LUNA', '7', '', '', '', 0, 0),
(177, 'MACONACON', '7', '', '', '', 0, 0),
(178, 'DELFIN ALBANO (MAGSAYSAY)', '7', '', '', '', 0, 0),
(179, 'MALLIG', '7', '17.2000', '121.6167', '', 0, 0),
(180, 'NAGUILIAN', '7', '', '', '', 0, 0),
(181, 'PALANAN', '7', '', '', '', 0, 0),
(182, 'QUEZON', '7', '15.5500', '120.8167', '', 0, 0),
(183, 'QUIRINO', '7', '', '', '', 0, 0),
(184, 'RAMON', '7', '16.7833', '121.5333', '', 0, 0),
(185, 'REINA MERCEDES', '7', '', '', '', 0, 0),
(186, 'ROXAS', '7', '12.5833', '121.5000', '', 0, 0),
(187, 'SAN AGUSTIN', '7', '', '', '', 0, 0),
(188, 'SAN GUILLERMO', '7', '', '', '', 0, 0),
(189, 'SAN ISIDRO', '7', '11.4167', '124.3500', '', 0, 0),
(190, 'SAN MANUEL', '7', '', '', '', 0, 0),
(191, 'SAN MARIANO', '7', '16.9833', '122.0167', '', 0, 0),
(192, 'SAN MATEO', '7', '16.8833', '121.5833', '', 0, 0),
(193, 'SAN PABLO', '7', '14.0700', '121.3250', '', 0, 0),
(194, 'SANTA MARIA', '7', '', '', '', 0, 0),
(195, 'CITY OF SANTIAGO', '7', '', '', '', 0, 0),
(196, 'SANTO TOMAS', '7', '', '', '', 0, 0),
(197, 'TUMAUINI', '7', '17.2667', '121.8000', '', 0, 0),
(198, 'AMBAGUIO', '8', '', '', '', 0, 0),
(199, 'ARITAO', '8', '16.2973', '121.0338', '', 0, 0),
(200, 'BAGABAG', '8', '16.6044', '121.2521', '', 0, 0),
(201, 'BAMBANG', '8', '16.3825', '121.1100', '', 0, 0),
(202, 'BAYOMBONG (Capital)', '8', '', '', '', 0, 0),
(203, 'DIADI', '8', '', '', '', 0, 0),
(204, 'DUPAX DEL NORTE', '8', '16.2864', '121.0942', '', 0, 0),
(205, 'DUPAX DEL SUR', '8', '', '', '', 0, 0),
(206, 'KASIBU', '8', '16.3167', '121.2833', '', 0, 0),
(207, 'KAYAPA', '8', '', '', '', 0, 0),
(208, 'QUEZON', '8', '', '', '', 0, 0),
(209, 'SANTA FE', '8', '11.1500', '123.8000', '', 0, 0),
(210, 'SOLANO', '8', '16.5239', '121.1919', '', 0, 0),
(211, 'VILLAVERDE', '8', '', '', '', 0, 0),
(212, 'ALFONSO CASTANEDA', '8', '', '', '', 0, 0),
(213, 'AGLIPAY', '9', '16.4889', '121.5874', '', 0, 0),
(214, 'CABARROGUIS (Capital)', '9', '', '', '', 0, 0),
(215, 'DIFFUN', '9', '16.6000', '121.4667', '', 0, 0),
(216, 'MADDELA', '9', '16.3500', '121.7000', '', 0, 0),
(217, 'SAGUDAY', '9', '', '', '', 0, 0),
(218, 'NAGTIPUNAN', '9', '', '', '', 0, 0),
(219, 'ABUCAY', '10', '14.7222', '120.5354', '', 0, 0),
(220, 'BAGAC', '10', '', '', '', 0, 0),
(221, 'CITY OF BALANGA (Capital)', '10', '', '', '', 0, 0),
(222, 'DINALUPIHAN', '10', '14.8833', '120.4667', '', 0, 0),
(223, 'HERMOSA', '10', '14.8333', '120.5000', '', 0, 0),
(224, 'LIMAY', '10', '14.5619', '120.5983', '', 0, 0),
(225, 'MARIVELES', '10', '14.4333', '120.4833', '', 0, 0),
(226, 'MORONG', '10', '14.6800', '120.2683', '', 0, 0),
(227, 'ORANI', '10', '14.8000', '120.5333', '', 0, 0),
(228, 'ORION', '10', '14.6206', '120.5817', '', 0, 0),
(229, 'PILAR', '10', '14.6667', '120.5667', '', 0, 0),
(230, 'SAMAL', '10', '14.7678', '120.5431', '', 0, 0),
(231, 'ANGAT', '11', '14.9281', '121.0293', '', 0, 0),
(232, 'BALAGTAS (BIGAA)', '11', '', '', '', 0, 0),
(233, 'BALIUAG', '11', '14.9500', '120.9000', '', 0, 0),
(234, 'BOCAUE', '11', '14.8000', '120.9333', '', 0, 0),
(235, 'BULACAN', '11', '14.7928', '120.8789', '', 0, 0),
(236, 'BUSTOS', '11', '', '', '', 0, 0),
(237, 'CALUMPIT', '11', '14.9167', '120.7667', '', 0, 0),
(238, 'GUIGUINTO', '11', '14.8333', '120.8833', '', 0, 0),
(239, 'HAGONOY', '11', '6.6833', '125.3000', '', 0, 0),
(240, 'CITY OF MALOLOS (Capital)', '11', '', '', '', 0, 0),
(241, 'MARILAO', '11', '14.7581', '120.9481', '', 0, 0),
(242, 'CITY OF MEYCAUAYAN', '11', '', '', '', 0, 0),
(243, 'NORZAGARAY', '11', '14.9167', '121.0500', '', 0, 0),
(244, 'OBANDO', '11', '14.7000', '120.9167', '', 0, 0),
(245, 'PANDI', '11', '14.8667', '120.9500', '', 0, 0),
(246, 'PAOMBONG', '11', '14.8311', '120.7892', '', 0, 0),
(247, 'PLARIDEL', '11', '8.6214', '123.7101', '', 0, 0),
(248, 'PULILAN', '11', '14.9020', '120.8490', '', 0, 0),
(249, 'SAN ILDEFONSO', '11', '', '', '', 0, 0),
(250, 'CITY OF SAN JOSE DEL MONTE', '11', '', '', '', 0, 0),
(251, 'SAN MIGUEL', '11', '10.7833', '122.4667', '', 0, 0),
(252, 'SAN RAFAEL', '11', '14.9500', '120.9667', '', 0, 0),
(253, 'SANTA MARIA', '11', '', '', '', 0, 0),
(254, 'DOÑA REMEDIOS TRINIDAD', '11', '', '', '', 0, 0),
(255, 'ALIAGA', '12', '15.4988', '120.8410', '', 0, 0),
(256, 'BONGABON', '12', '15.6321', '121.1448', '', 0, 0),
(257, 'CABANATUAN CITY', '12', '15.4833', '120.9667', '', 0, 0),
(258, 'CABIAO', '12', '15.2500', '120.8500', '', 0, 0),
(259, 'CARRANGLAN', '12', '15.9667', '121.0667', '', 0, 0),
(260, 'CUYAPO', '12', '15.7833', '120.6667', '', 0, 0),
(261, 'GABALDON (BITULOK & SABANI)', '12', '', '', '', 0, 0),
(262, 'CITY OF GAPAN', '12', '', '', '', 0, 0),
(263, 'GENERAL MAMERTO NATIVIDAD', '12', '15.6025', '121.0515', '', 0, 0),
(264, 'GENERAL TINIO (PAPAYA)', '12', '', '', '', 0, 0),
(265, 'GUIMBA', '12', '15.6581', '120.7689', '', 0, 0),
(266, 'JAEN', '12', '15.3333', '120.9000', '', 0, 0),
(267, 'LAUR', '12', '15.5833', '121.1833', '', 0, 0),
(268, 'LICAB', '12', '15.5439', '120.7634', '', 0, 0),
(269, 'LLANERA', '12', '15.6667', '121.0167', '', 0, 0),
(270, 'LUPAO', '12', '15.8793', '120.8983', '', 0, 0),
(271, 'SCIENCE CITY OF MUÑOZ', '12', '', '', '', 0, 0),
(272, 'NAMPICUAN', '12', '', '', '', 0, 0),
(273, 'PALAYAN CITY (Capital)', '12', '', '', '', 0, 0),
(274, 'PANTABANGAN', '12', '15.8167', '121.1500', '', 0, 0),
(275, 'PEÑARANDA', '12', '', '', '', 0, 0),
(276, 'QUEZON', '12', '', '', '', 0, 0),
(277, 'RIZAL', '12', '', '', '', 0, 0),
(278, 'SAN ANTONIO', '12', '13.9000', '121.3000', '', 0, 0),
(279, 'SAN ISIDRO', '12', '', '', '', 0, 0),
(280, 'SAN JOSE CITY', '12', '', '', '', 0, 0),
(281, 'SAN LEONARDO', '12', '15.3667', '120.9667', '', 0, 0),
(282, 'SANTA ROSA', '12', '15.4239', '120.9389', '', 0, 0),
(283, 'SANTO DOMINGO', '12', '', '', '', 0, 0),
(284, 'TALAVERA', '12', '15.5839', '120.9189', '', 0, 0),
(285, 'TALUGTUG', '12', '', '', '', 0, 0),
(286, 'ZARAGOZA', '12', '15.4531', '120.7911', '', 0, 0),
(287, 'ANGELES CITY', '13', '15.1472', '120.5847', '', 0, 0),
(288, 'APALIT', '13', '14.9496', '120.7587', '', 0, 0),
(289, 'ARAYAT', '13', '15.1493', '120.7692', '', 0, 0),
(290, 'BACOLOR', '13', '14.9984', '120.6526', '', 0, 0),
(291, 'CANDABA', '13', '15.0933', '120.8283', '', 0, 0),
(292, 'FLORIDABLANCA', '13', '14.9333', '120.5000', '', 0, 0),
(293, 'GUAGUA', '13', '14.9667', '120.6333', '', 0, 0),
(294, 'LUBAO', '13', '14.9333', '120.6000', '', 0, 0),
(295, 'MABALACAT CITY', '13', '', '', '', 0, 0),
(296, 'MACABEBE', '13', '14.9081', '120.7156', '', 0, 0),
(297, 'MAGALANG', '13', '15.2167', '120.6667', '', 0, 0),
(298, 'MASANTOL', '13', '14.9000', '120.7167', '', 0, 0),
(299, 'MEXICO', '13', '15.0667', '120.7167', '', 0, 0),
(300, 'MINALIN', '13', '14.9667', '120.6833', '', 0, 0),
(301, 'PORAC', '13', '15.0719', '120.5419', '', 0, 0),
(302, 'CITY OF SAN FERNANDO (Capital)', '13', '', '', '', 0, 0),
(303, 'SAN LUIS', '13', '15.7167', '121.5167', '', 0, 0),
(304, 'SAN SIMON', '13', '14.9980', '120.7800', '', 0, 0),
(305, 'SANTA ANA', '13', '', '', '', 0, 0),
(306, 'SANTA RITA', '13', '14.9953', '120.6153', '', 0, 0),
(307, 'SANTO TOMAS', '13', '', '', '', 0, 0),
(308, 'SASMUAN (Sexmoan)', '13', '', '', '', 0, 0),
(309, 'ANAO', '14', '', '', '', 0, 0),
(310, 'BAMBAN', '14', '15.6500', '120.2500', '', 0, 0),
(311, 'CAMILING', '14', '15.7000', '120.4167', '', 0, 0),
(312, 'CAPAS', '14', '15.3312', '120.5898', '', 0, 0),
(313, 'CONCEPCION', '14', '11.2000', '123.1000', '', 0, 0),
(314, 'GERONA', '14', '15.6000', '120.6000', '', 0, 0),
(315, 'LA PAZ', '14', '8.2801', '125.8092', '', 0, 0),
(316, 'MAYANTOC', '14', '15.6167', '120.3833', '', 0, 0),
(317, 'MONCADA', '14', '15.7333', '120.5667', '', 0, 0),
(318, 'PANIQUI', '14', '15.6667', '120.5833', '', 0, 0),
(319, 'PURA', '14', '', '', '', 0, 0),
(320, 'RAMOS', '14', '', '', '', 0, 0),
(321, 'SAN CLEMENTE', '14', '', '', '', 0, 0),
(322, 'SAN MANUEL', '14', '', '', '', 0, 0),
(323, 'SANTA IGNACIA', '14', '15.6167', '120.4333', '', 0, 0),
(324, 'CITY OF TARLAC (Capital)', '14', '', '', '', 0, 0),
(325, 'VICTORIA', '14', '14.2250', '121.3250', '', 0, 0),
(326, 'SAN JOSE', '14', '10.1800', '125.5683', '', 0, 0),
(327, 'BOTOLAN', '15', '15.2896', '120.0245', '', 0, 0),
(328, 'CABANGAN', '15', '', '', '', 0, 0),
(329, 'CANDELARIA', '15', '13.9311', '121.4233', '', 0, 0),
(330, 'CASTILLEJOS', '15', '14.9333', '120.2000', '', 0, 0),
(331, 'IBA (Capital)', '15', '', '', '', 0, 0),
(332, 'MASINLOC', '15', '15.5333', '119.9500', '', 0, 0),
(333, 'OLONGAPO CITY', '15', '', '', '', 0, 0),
(334, 'PALAUIG', '15', '15.4333', '120.0500', '', 0, 0),
(335, 'SAN ANTONIO', '15', '', '', '', 0, 0),
(336, 'SAN FELIPE', '15', '', '', '', 0, 0),
(337, 'SAN MARCELINO', '15', '14.9742', '120.1573', '', 0, 0),
(338, 'SAN NARCISO', '15', '15.0167', '120.0833', '', 0, 0),
(339, 'SANTA CRUZ', '15', '', '', '', 0, 0),
(340, 'SUBIC', '15', '14.9000', '120.2333', '', 0, 0),
(341, 'BALER (Capital)', '16', '', '', '', 0, 0),
(342, 'CASIGURAN', '16', '12.8667', '124.0167', '', 0, 0),
(343, 'DILASAG', '16', '', '', '', 0, 0),
(344, 'DINALUNGAN', '16', '', '', '', 0, 0),
(345, 'DINGALAN', '16', '', '', '', 0, 0),
(346, 'DIPACULAO', '16', '15.9833', '121.6333', '', 0, 0),
(347, 'MARIA AURORA', '16', '15.7967', '121.4737', '', 0, 0),
(348, 'SAN LUIS', '16', '', '', '', 0, 0),
(349, 'AGONCILLO', '17', '13.9334', '120.9285', '', 0, 0),
(350, 'ALITAGTAG', '17', '', '', '', 0, 0),
(351, 'BALAYAN', '17', '13.9333', '120.7333', '', 0, 0),
(352, 'BALETE', '17', '11.5500', '122.3833', '', 0, 0),
(353, 'BATANGAS CITY (Capital)', '17', '', '', '', 0, 0),
(354, 'BAUAN', '17', '13.7917', '121.0085', '', 0, 0),
(355, 'CALACA', '17', '13.9667', '120.8000', '', 0, 0),
(356, 'CALATAGAN', '17', '13.8322', '120.6322', '', 0, 0),
(357, 'CUENCA', '17', '13.9167', '121.0500', '', 0, 0),
(358, 'IBAAN', '17', '13.8176', '121.1330', '', 0, 0),
(359, 'LAUREL', '17', '14.0500', '120.9000', '', 0, 0),
(360, 'LEMERY', '17', '11.2333', '122.9333', '', 0, 0),
(361, 'LIAN', '17', '14.0333', '120.6500', '', 0, 0),
(362, 'LIPA CITY', '17', '13.9411', '121.1622', '', 0, 0),
(363, 'LOBO', '17', '13.6500', '121.2500', '', 0, 0),
(364, 'MABINI', '17', '', '', '', 0, 0),
(365, 'MALVAR', '17', '14.0417', '121.1583', '', 0, 0),
(366, 'MATAASNAKAHOY', '17', '', '', '', 0, 0),
(367, 'NASUGBU', '17', '14.0667', '120.6333', '', 0, 0),
(368, 'PADRE GARCIA', '17', '13.8833', '121.2167', '', 0, 0),
(369, 'ROSARIO', '17', '', '', '', 0, 0),
(370, 'SAN JOSE', '17', '', '', '', 0, 0),
(371, 'SAN JUAN', '17', '', '', '', 0, 0),
(372, 'SAN LUIS', '17', '', '', '', 0, 0),
(373, 'SAN NICOLAS', '17', '', '', '', 0, 0),
(374, 'SAN PASCUAL', '17', '13.1333', '122.9833', '', 0, 0),
(375, 'SANTA TERESITA', '17', '', '', '', 0, 0),
(376, 'SANTO TOMAS', '17', '', '', '', 0, 0),
(377, 'TAAL', '17', '13.8833', '120.9333', '', 0, 0),
(378, 'TALISAY', '17', '14.1000', '121.0167', '', 0, 0),
(379, 'CITY OF TANAUAN', '17', '', '', '', 0, 0),
(380, 'TAYSAN', '17', '13.7833', '121.2000', '', 0, 0),
(381, 'TINGLOY', '17', '13.6500', '120.8667', '', 0, 0),
(382, 'TUY', '17', '14.0167', '120.7333', '', 0, 0),
(383, 'ALFONSO', '18', '14.1379', '120.8552', '', 0, 0),
(384, 'AMADEO', '18', '14.1728', '120.9277', '', 0, 0),
(385, 'BACOOR CITY', '18', '', '', '', 0, 0),
(386, 'CARMONA', '18', '14.3167', '121.0500', '', 0, 0),
(387, 'CAVITE CITY', '18', '14.4833', '120.9000', '', 0, 0),
(388, 'CITY OF DASMARIÑAS', '18', '', '', '', 0, 0),
(389, 'GENERAL EMILIO AGUINALDO', '18', '', '', '', 0, 0),
(390, 'GENERAL TRIAS', '18', '14.3833', '120.8833', '', 0, 0),
(391, 'IMUS CITY', '18', '', '', '', 0, 0),
(392, 'INDANG', '18', '14.2000', '120.8833', '', 0, 0),
(393, 'KAWIT', '18', '14.4333', '120.9000', '', 0, 0),
(394, 'MAGALLANES', '18', '', '', '', 0, 0),
(395, 'MARAGONDON', '18', '14.2667', '120.7333', '', 0, 0),
(396, 'MENDEZ (MENDEZ-NUÑEZ)', '18', '', '', '', 0, 0),
(397, 'NAIC', '18', '14.3167', '120.7667', '', 0, 0),
(398, 'NOVELETA', '18', '14.4333', '120.8833', '', 0, 0),
(399, 'ROSARIO', '18', '', '', '', 0, 0),
(400, 'SILANG', '18', '14.2306', '120.9750', '', 0, 0),
(401, 'TAGAYTAY CITY', '18', '', '', '', 0, 0),
(402, 'TANZA', '18', '14.3944', '120.8531', '', 0, 0),
(403, 'TERNATE', '18', '', '', '', 0, 0),
(404, 'TRECE MARTIRES CITY (Capital)', '18', '', '', '', 0, 0),
(405, 'GEN. MARIANO ALVAREZ', '18', '', '', '', 0, 0),
(406, 'ALAMINOS', '19', '14.0635', '121.2451', '', 0, 0),
(407, 'BAY', '19', '14.1833', '121.2833', '', 0, 0),
(408, 'CITY OF BIÑAN', '19', '', '', '', 0, 0),
(409, 'CABUYAO CITY', '19', '', '', '', 0, 0),
(410, 'CITY OF CALAMBA', '19', '14.2167', '121.1667', '', 0, 0),
(411, 'CALAUAN', '19', '14.1500', '121.3167', '', 0, 0),
(412, 'CAVINTI', '19', '', '', '', 0, 0),
(413, 'FAMY', '19', '', '', '', 0, 0),
(414, 'KALAYAAN', '19', '', '', '', 0, 0),
(415, 'LILIW', '19', '', '', '', 0, 0),
(416, 'LOS BAÑOS', '19', '', '', '', 0, 0),
(417, 'LUISIANA', '19', '', '', '', 0, 0),
(418, 'LUMBAN', '19', '', '', '', 0, 0),
(419, 'MABITAC', '19', '', '', '', 0, 0),
(420, 'MAGDALENA', '19', '', '', '', 0, 0),
(421, 'MAJAYJAY', '19', '14.1463', '121.4729', '', 0, 0),
(422, 'NAGCARLAN', '19', '14.1364', '121.4165', '', 0, 0),
(423, 'PAETE', '19', '', '', '', 0, 0),
(424, 'PAGSANJAN', '19', '14.2667', '121.4500', '', 0, 0),
(425, 'PAKIL', '19', '', '', '', 0, 0),
(426, 'PANGIL', '19', '', '', '', 0, 0),
(427, 'PILA', '19', '14.2333', '121.3667', '', 0, 0),
(428, 'RIZAL', '19', '', '', '', 0, 0),
(429, 'SAN PABLO CITY', '19', '', '', '', 0, 0),
(430, 'CITY OF SAN PEDRO', '19', '', '', '', 0, 0),
(431, 'SANTA CRUZ (Capital)', '19', '', '', '', 0, 0),
(432, 'SANTA MARIA', '19', '', '', '', 0, 0),
(433, 'CITY OF SANTA ROSA', '19', '', '', '', 0, 0),
(434, 'SINILOAN', '19', '14.4167', '121.4500', '', 0, 0),
(435, 'VICTORIA', '19', '', '', '', 0, 0),
(436, 'AGDANGAN', '20', '13.8758', '121.9122', '', 0, 0),
(437, 'ALABAT', '20', '', '', '', 0, 0),
(438, 'ATIMONAN', '20', '14.0036', '121.9199', '', 0, 0),
(439, 'BUENAVISTA', '20', '13.7394', '122.4675', '', 0, 0),
(440, 'BURDEOS', '20', '', '', '', 0, 0),
(441, 'CALAUAG', '20', '13.9575', '122.2875', '', 0, 0),
(442, 'CANDELARIA', '20', '', '', '', 0, 0),
(443, 'CATANAUAN', '20', '13.5917', '122.3250', '', 0, 0),
(444, 'DOLORES', '20', '14.0157', '121.4011', '', 0, 0),
(445, 'GENERAL LUNA', '20', '', '', '', 0, 0),
(446, 'GENERAL NAKAR', '20', '14.7631', '121.6350', '', 0, 0),
(447, 'GUINAYANGAN', '20', '13.9000', '122.4500', '', 0, 0),
(448, 'GUMACA', '20', '13.9210', '122.1002', '', 0, 0),
(449, 'INFANTA', '20', '', '', '', 0, 0),
(450, 'JOMALIG', '20', '', '', '', 0, 0),
(451, 'LOPEZ', '20', '13.8840', '122.2604', '', 0, 0),
(452, 'LUCBAN', '20', '14.1133', '121.5569', '', 0, 0),
(453, 'LUCENA CITY (Capital)', '20', '', '', '', 0, 0),
(454, 'MACALELON', '20', '13.7500', '122.1333', '', 0, 0),
(455, 'MAUBAN', '20', '14.1911', '121.7308', '', 0, 0),
(456, 'MULANAY', '20', '13.5222', '122.4042', '', 0, 0),
(457, 'PADRE BURGOS', '20', '10.0333', '125.0167', '', 0, 0),
(458, 'PAGBILAO', '20', '13.9720', '121.6870', '', 0, 0),
(459, 'PANUKULAN', '20', '', '', '', 0, 0),
(460, 'PATNANUNGAN', '20', '', '', '', 0, 0),
(461, 'PEREZ', '20', '14.1833', '121.9333', '', 0, 0),
(462, 'PITOGO', '20', '', '', '', 0, 0),
(463, 'PLARIDEL', '20', '', '', '', 0, 0),
(464, 'POLILLO', '20', '14.7167', '121.9500', '', 0, 0),
(465, 'QUEZON', '20', '', '', '', 0, 0),
(466, 'REAL', '20', '14.6667', '121.6000', '', 0, 0),
(467, 'SAMPALOC', '20', '', '', '', 0, 0),
(468, 'SAN ANDRES', '20', '13.3667', '122.6500', '', 0, 0),
(469, 'SAN ANTONIO', '20', '', '', '', 0, 0),
(470, 'SAN FRANCISCO (AURORA)', '20', '', '', '', 0, 0),
(471, 'SAN NARCISO', '20', '', '', '', 0, 0),
(472, 'SARIAYA', '20', '13.9667', '121.5333', '', 0, 0),
(473, 'TAGKAWAYAN', '20', '13.9667', '122.5333', '', 0, 0),
(474, 'CITY OF TAYABAS', '20', '', '', '', 0, 0),
(475, 'TIAONG', '20', '13.9500', '121.3167', '', 0, 0),
(476, 'UNISAN', '20', '', '', '', 0, 0),
(477, 'ANGONO', '21', '14.5234', '121.1536', '', 0, 0),
(478, 'CITY OF ANTIPOLO', '21', '', '', '', 0, 0),
(479, 'BARAS', '21', '14.5167', '121.2667', '', 0, 0),
(480, 'BINANGONAN', '21', '14.4514', '121.1919', '', 0, 0),
(481, 'CAINTA', '21', '14.5667', '121.1167', '', 0, 0),
(482, 'CARDONA', '21', '14.4861', '121.2289', '', 0, 0),
(483, 'JALA-JALA', '21', '', '', '', 0, 0),
(484, 'RODRIGUEZ (MONTALBAN)', '21', '', '', '', 0, 0),
(485, 'MORONG', '21', '', '', '', 0, 0),
(486, 'PILILLA', '21', '14.4833', '121.3000', '', 0, 0),
(487, 'SAN MATEO', '21', '', '', '', 0, 0),
(488, 'TANAY', '21', '14.4972', '121.2864', '', 0, 0),
(489, 'TAYTAY', '21', '10.8167', '119.5167', '', 0, 0),
(490, 'TERESA', '21', '14.5586', '121.2083', '', 0, 0),
(491, 'BOAC (Capital)', '22', '', '', '', 0, 0),
(492, 'BUENAVISTA', '22', '', '', '', 0, 0),
(493, 'GASAN', '22', '13.3167', '121.8500', '', 0, 0),
(494, 'MOGPOG', '22', '13.4833', '121.8667', '', 0, 0),
(495, 'SANTA CRUZ', '22', '', '', '', 0, 0),
(496, 'TORRIJOS', '22', '13.3167', '122.0833', '', 0, 0),
(497, 'ABRA DE ILOG', '23', '13.4448', '120.7260', '', 0, 0),
(498, 'CALINTAAN', '23', '12.5756', '120.9428', '', 0, 0),
(499, 'LOOC', '23', '', '', '', 0, 0),
(500, 'LUBANG', '23', '', '', '', 0, 0),
(501, 'MAGSAYSAY', '23', '9.0167', '125.1833', '', 0, 0),
(502, 'MAMBURAO (Capital)', '23', '', '', '', 0, 0),
(503, 'PALUAN', '23', '', '', '', 0, 0),
(504, 'RIZAL', '23', '', '', '', 0, 0),
(505, 'SABLAYAN', '23', '12.8370', '120.7829', '', 0, 0),
(506, 'SAN JOSE', '23', '', '', '', 0, 0),
(507, 'SANTA CRUZ', '23', '', '', '', 0, 0),
(508, 'BACO', '24', '13.3584', '121.0977', '', 0, 0),
(509, 'BANSUD', '24', '', '', '', 0, 0),
(510, 'BONGABONG', '24', '12.7167', '121.3667', '', 0, 0),
(511, 'BULALACAO (SAN PEDRO)', '24', '', '', '', 0, 0),
(512, 'CITY OF CALAPAN (Capital)', '24', '', '', '', 0, 0),
(513, 'GLORIA', '24', '12.9167', '121.4667', '', 0, 0),
(514, 'MANSALAY', '24', '12.5204', '121.4385', '', 0, 0),
(515, 'NAUJAN', '24', '13.3233', '121.3028', '', 0, 0),
(516, 'PINAMALAYAN', '24', '13.0000', '121.4167', '', 0, 0),
(517, 'POLA', '24', '13.1439', '121.4400', '', 0, 0),
(518, 'PUERTO GALERA', '24', '13.5000', '120.9542', '', 0, 0),
(519, 'ROXAS', '24', '', '', '', 0, 0),
(520, 'SAN TEODORO', '24', '', '', '', 0, 0),
(521, 'SOCORRO', '24', '13.0583', '121.4117', '', 0, 0),
(522, 'VICTORIA', '24', '', '', '', 0, 0),
(523, 'ABORLAN', '25', '9.4386', '118.5481', '', 0, 0),
(524, 'AGUTAYA', '25', '', '', '', 0, 0),
(525, 'ARACELI', '25', '', '', '', 0, 0),
(526, 'BALABAC', '25', '7.9833', '117.0500', '', 0, 0),
(527, 'BATARAZA', '25', '', '', '', 0, 0),
(528, 'BROOKE\'S POINT', '25', '', '', '', 0, 0),
(529, 'BUSUANGA', '25', '', '', '', 0, 0),
(530, 'CAGAYANCILLO', '25', '', '', '', 0, 0),
(531, 'CORON', '25', '12.0000', '120.2000', '', 0, 0),
(532, 'CUYO', '25', '', '', '', 0, 0),
(533, 'DUMARAN', '25', '', '', '', 0, 0),
(534, 'EL NIDO (BACUIT)', '25', '', '', '', 0, 0),
(535, 'LINAPACAN', '25', '', '', '', 0, 0),
(536, 'MAGSAYSAY', '25', '', '', '', 0, 0),
(537, 'NARRA', '25', '9.2833', '118.4167', '', 0, 0),
(538, 'PUERTO PRINCESA CITY (Capital)', '25', '', '', '', 0, 0),
(539, 'QUEZON', '25', '', '', '', 0, 0),
(540, 'ROXAS', '25', '', '', '', 0, 0),
(541, 'SAN VICENTE', '25', '', '', '', 0, 0),
(542, 'TAYTAY', '25', '', '', '', 0, 0),
(543, 'KALAYAAN', '25', '', '', '', 0, 0),
(544, 'CULION', '25', '', '', '', 0, 0),
(545, 'RIZAL (MARCOS)', '25', '', '', '', 0, 0),
(546, 'SOFRONIO ESPAÑOLA', '25', '', '', '', 0, 0),
(547, 'ALCANTARA', '26', '9.9715', '123.4047', '', 0, 0),
(548, 'BANTON', '26', '', '', '', 0, 0),
(549, 'CAJIDIOCAN', '26', '', '', '', 0, 0),
(550, 'CALATRAVA', '26', '10.6000', '123.4833', '', 0, 0),
(551, 'CONCEPCION', '26', '', '', '', 0, 0),
(552, 'CORCUERA', '26', '', '', '', 0, 0),
(553, 'LOOC', '26', '', '', '', 0, 0),
(554, 'MAGDIWANG', '26', '', '', '', 0, 0),
(555, 'ODIONGAN', '26', '12.4000', '122.0000', '', 0, 0),
(556, 'ROMBLON (Capital)', '26', '', '', '', 0, 0),
(557, 'SAN AGUSTIN', '26', '', '', '', 0, 0),
(558, 'SAN ANDRES', '26', '', '', '', 0, 0),
(559, 'SAN FERNANDO', '26', '13.5667', '123.1500', '', 0, 0),
(560, 'SAN JOSE', '26', '', '', '', 0, 0),
(561, 'SANTA FE', '26', '', '', '', 0, 0),
(562, 'FERROL', '26', '', '', '', 0, 0),
(563, 'SANTA MARIA (IMELDA)', '26', '', '', '', 0, 0),
(564, 'BACACAY', '27', '13.2925', '123.7917', '', 0, 0),
(565, 'CAMALIG', '27', '13.1500', '123.6000', '', 0, 0),
(566, 'DARAGA (LOCSIN)', '27', '', '', '', 0, 0),
(567, 'GUINOBATAN', '27', '13.1833', '123.6000', '', 0, 0),
(568, 'JOVELLAR', '27', '', '', '', 0, 0),
(569, 'LEGAZPI CITY (Capital)', '27', '', '', '', 0, 0),
(570, 'LIBON', '27', '13.3000', '123.4333', '', 0, 0),
(571, 'CITY OF LIGAO', '27', '', '', '', 0, 0),
(572, 'MALILIPOT', '27', '13.3167', '123.7333', '', 0, 0),
(573, 'MALINAO', '27', '13.4000', '123.7000', '', 0, 0),
(574, 'MANITO', '27', '', '', '', 0, 0),
(575, 'OAS', '27', '13.2589', '123.4953', '', 0, 0),
(576, 'PIO DURAN', '27', '13.0333', '123.4500', '', 0, 0),
(577, 'POLANGUI', '27', '13.2922', '123.4856', '', 0, 0),
(578, 'RAPU-RAPU', '27', '13.1833', '124.1333', '', 0, 0),
(579, 'SANTO DOMINGO (LIBOG)', '27', '', '', '', 0, 0),
(580, 'CITY OF TABACO', '27', '', '', '', 0, 0),
(581, 'TIWI', '27', '13.4585', '123.6805', '', 0, 0),
(582, 'BASUD', '28', '14.0667', '122.9667', '', 0, 0),
(583, 'CAPALONGA', '28', '14.3333', '122.5000', '', 0, 0),
(584, 'DAET (Capital)', '28', '', '', '', 0, 0),
(585, 'SAN LORENZO RUIZ (IMELDA)', '28', '', '', '', 0, 0),
(586, 'JOSE PANGANIBAN', '28', '', '', '', 0, 0),
(587, 'LABO', '28', '', '', '', 0, 0),
(588, 'MERCEDES', '28', '14.1093', '123.0109', '', 0, 0),
(589, 'PARACALE', '28', '14.2833', '122.7833', '', 0, 0),
(590, 'SAN VICENTE', '28', '', '', '', 0, 0),
(591, 'SANTA ELENA', '28', '14.2000', '122.3833', '', 0, 0),
(592, 'TALISAY', '28', '', '', '', 0, 0),
(593, 'VINZONS', '28', '14.1833', '122.9000', '', 0, 0),
(594, 'BAAO', '29', '13.4535', '123.3654', '', 0, 0),
(595, 'BALATAN', '29', '13.3167', '123.2333', '', 0, 0),
(596, 'BATO', '29', '13.3561', '123.3639', '', 0, 0),
(597, 'BOMBON', '29', '', '', '', 0, 0),
(598, 'BUHI', '29', '13.4333', '123.5167', '', 0, 0),
(599, 'BULA', '29', '13.4667', '123.2833', '', 0, 0),
(600, 'CABUSAO', '29', '', '', '', 0, 0),
(601, 'CALABANGA', '29', '13.7167', '123.2333', '', 0, 0),
(602, 'CAMALIGAN', '29', '', '', '', 0, 0),
(603, 'CANAMAN', '29', '13.6500', '123.1667', '', 0, 0),
(604, 'CARAMOAN', '29', '13.7707', '123.8631', '', 0, 0),
(605, 'DEL GALLEGO', '29', '', '', '', 0, 0),
(606, 'GAINZA', '29', '', '', '', 0, 0),
(607, 'GARCHITORENA', '29', '', '', '', 0, 0),
(608, 'GOA', '29', '13.7000', '123.5000', '', 0, 0),
(609, 'IRIGA CITY', '29', '13.4167', '123.4167', '', 0, 0),
(610, 'LAGONOY', '29', '13.7333', '123.5167', '', 0, 0),
(611, 'LIBMANAN', '29', '13.7000', '123.0667', '', 0, 0),
(612, 'LUPI', '29', '', '', '', 0, 0),
(613, 'MAGARAO', '29', '', '', '', 0, 0),
(614, 'MILAOR', '29', '13.6000', '123.1833', '', 0, 0),
(615, 'MINALABAC', '29', '13.5667', '123.1833', '', 0, 0),
(616, 'NABUA', '29', '13.4083', '123.3750', '', 0, 0),
(617, 'NAGA CITY', '29', '13.6167', '123.1667', '', 0, 0),
(618, 'OCAMPO', '29', '13.5594', '123.3761', '', 0, 0),
(619, 'PAMPLONA', '29', '', '', '', 0, 0),
(620, 'PASACAO', '29', '13.5167', '123.0500', '', 0, 0),
(621, 'PILI (Capital)', '29', '', '', '', 0, 0),
(622, 'PRESENTACION (PARUBCAN)', '29', '', '', '', 0, 0),
(623, 'RAGAY', '29', '13.8183', '122.7923', '', 0, 0),
(624, 'SAGÑAY', '29', '13.6000', '123.5167', '', 0, 0),
(625, 'SAN FERNANDO', '29', '', '', '', 0, 0),
(626, 'SAN JOSE', '29', '', '', '', 0, 0),
(627, 'SIPOCOT', '29', '13.7667', '122.9833', '', 0, 0),
(628, 'SIRUMA', '29', '', '', '', 0, 0),
(629, 'TIGAON', '29', '13.6333', '123.5000', '', 0, 0),
(630, 'TINAMBAC', '29', '13.8167', '123.3333', '', 0, 0),
(631, 'BAGAMANOC', '30', '', '', '', 0, 0),
(632, 'BARAS', '30', '', '', '', 0, 0),
(633, 'BATO', '30', '', '', '', 0, 0),
(634, 'CARAMORAN', '30', '13.9833', '124.1333', '', 0, 0),
(635, 'GIGMOTO', '30', '', '', '', 0, 0),
(636, 'PANDAN', '30', '11.7167', '122.1000', '', 0, 0),
(637, 'PANGANIBAN (PAYO)', '30', '', '', '', 0, 0),
(638, 'SAN ANDRES (CALOLBON)', '30', '', '', '', 0, 0),
(639, 'SAN MIGUEL', '30', '', '', '', 0, 0),
(640, 'VIGA', '30', '', '', '', 0, 0),
(641, 'VIRAC (Capital)', '30', '', '', '', 0, 0),
(642, 'AROROY', '31', '12.5125', '123.3989', '', 0, 0),
(643, 'BALENO', '31', '', '', '', 0, 0),
(644, 'BALUD', '31', '12.0369', '123.1935', '', 0, 0),
(645, 'BATUAN', '31', '', '', '', 0, 0),
(646, 'CATAINGAN', '31', '12.0000', '123.9833', '', 0, 0),
(647, 'CAWAYAN', '31', '12.0333', '123.6833', '', 0, 0),
(648, 'CLAVERIA', '31', '', '', '', 0, 0),
(649, 'DIMASALANG', '31', '', '', '', 0, 0),
(650, 'ESPERANZA', '31', '8.6760', '125.6454', '', 0, 0),
(651, 'MANDAON', '31', '12.2259', '123.2842', '', 0, 0),
(652, 'CITY OF MASBATE (Capital)', '31', '', '', '', 0, 0),
(653, 'MILAGROS', '31', '12.2333', '123.5000', '', 0, 0),
(654, 'MOBO', '31', '12.3333', '123.6500', '', 0, 0),
(655, 'MONREAL', '31', '', '', '', 0, 0),
(656, 'PALANAS', '31', '', '', '', 0, 0),
(657, 'PIO V. CORPUZ (LIMBUHAN)', '31', '', '', '', 0, 0),
(658, 'PLACER', '31', '11.8667', '123.9167', '', 0, 0),
(659, 'SAN FERNANDO', '31', '', '', '', 0, 0),
(660, 'SAN JACINTO', '31', '', '', '', 0, 0),
(661, 'SAN PASCUAL', '31', '', '', '', 0, 0),
(662, 'USON', '31', '12.2253', '123.7834', '', 0, 0),
(663, 'BARCELONA', '32', '', '', '', 0, 0),
(664, 'BULAN', '32', '12.6714', '123.8750', '', 0, 0),
(665, 'BULUSAN', '32', '', '', '', 0, 0),
(666, 'CASIGURAN', '32', '', '', '', 0, 0),
(667, 'CASTILLA', '32', '12.9486', '123.8822', '', 0, 0),
(668, 'DONSOL', '32', '12.9167', '123.6000', '', 0, 0),
(669, 'GUBAT', '32', '12.9167', '124.1167', '', 0, 0),
(670, 'IROSIN', '32', '12.7000', '124.0333', '', 0, 0),
(671, 'JUBAN', '32', '12.8500', '123.9833', '', 0, 0),
(672, 'MAGALLANES', '32', '', '', '', 0, 0),
(673, 'MATNOG', '32', '12.5833', '124.0833', '', 0, 0),
(674, 'PILAR', '32', '', '', '', 0, 0),
(675, 'PRIETO DIAZ', '32', '', '', '', 0, 0),
(676, 'SANTA MAGDALENA', '32', '', '', '', 0, 0),
(677, 'CITY OF SORSOGON (Capital)', '32', '', '', '', 0, 0),
(678, 'ALTAVAS', '33', '', '', '', 0, 0),
(679, 'BALETE', '33', '', '', '', 0, 0),
(680, 'BANGA', '33', '6.3000', '124.7833', '', 0, 0),
(681, 'BATAN', '33', '11.5833', '122.5000', '', 0, 0),
(682, 'BURUANGA', '33', '', '', '', 0, 0),
(683, 'IBAJAY', '33', '11.8167', '122.1667', '', 0, 0),
(684, 'KALIBO (Capital)', '33', '', '', '', 0, 0),
(685, 'LEZO', '33', '', '', '', 0, 0),
(686, 'LIBACAO', '33', '11.4833', '122.3000', '', 0, 0),
(687, 'MADALAG', '33', '', '', '', 0, 0),
(688, 'MAKATO', '33', '', '', '', 0, 0),
(689, 'MALAY', '33', '11.9000', '121.9167', '', 0, 0),
(690, 'MALINAO', '33', '', '', '', 0, 0),
(691, 'NABAS', '33', '11.8333', '122.0833', '', 0, 0),
(692, 'NEW WASHINGTON', '33', '11.6500', '122.4333', '', 0, 0),
(693, 'NUMANCIA', '33', '11.7000', '122.3333', '', 0, 0),
(694, 'TANGALAN', '33', '', '', '', 0, 0),
(695, 'ANINI-Y', '34', '', '', '', 0, 0),
(696, 'BARBAZA', '34', '', '', '', 0, 0),
(697, 'BELISON', '34', '', '', '', 0, 0),
(698, 'BUGASONG', '34', '11.0500', '122.0667', '', 0, 0),
(699, 'CALUYA', '34', '11.9333', '121.5500', '', 0, 0),
(700, 'CULASI', '34', '11.4272', '122.0560', '', 0, 0),
(701, 'TOBIAS FORNIER (DAO)', '34', '', '', '', 0, 0),
(702, 'HAMTIC', '34', '10.7000', '121.9833', '', 0, 0),
(703, 'LAUA-AN', '34', '', '', '', 0, 0),
(704, 'LIBERTAD', '34', '', '', '', 0, 0),
(705, 'PANDAN', '34', '', '', '', 0, 0),
(706, 'PATNONGON', '34', '10.9167', '121.9833', '', 0, 0),
(707, 'SAN JOSE (Capital)', '34', '', '', '', 0, 0),
(708, 'SAN REMIGIO', '34', '10.8331', '122.0875', '', 0, 0),
(709, 'SEBASTE', '34', '', '', '', 0, 0),
(710, 'SIBALOM', '34', '10.7833', '122.0167', '', 0, 0),
(711, 'TIBIAO', '34', '', '', '', 0, 0),
(712, 'VALDERRAMA', '34', '', '', '', 0, 0),
(713, 'CUARTERO', '35', '11.3500', '122.6667', '', 0, 0),
(714, 'DAO', '35', '11.3944', '122.6858', '', 0, 0),
(715, 'DUMALAG', '35', '11.3000', '122.6167', '', 0, 0),
(716, 'DUMARAO', '35', '11.2667', '122.6833', '', 0, 0),
(717, 'IVISAN', '35', '11.5217', '122.6908', '', 0, 0),
(718, 'JAMINDAN', '35', '11.4000', '122.5000', '', 0, 0),
(719, 'MA-AYON', '35', '', '', '', 0, 0),
(720, 'MAMBUSAO', '35', '11.4333', '122.6000', '', 0, 0),
(721, 'PANAY', '35', '11.5500', '122.8000', '', 0, 0),
(722, 'PANITAN', '35', '11.4667', '122.7667', '', 0, 0),
(723, 'PILAR', '35', '', '', '', 0, 0),
(724, 'PONTEVEDRA', '35', '11.4833', '122.8333', '', 0, 0),
(725, 'PRESIDENT ROXAS', '35', '11.4300', '122.9300', '', 0, 0),
(726, 'ROXAS CITY (Capital)', '35', '', '', '', 0, 0),
(727, 'SAPI-AN', '35', '', '', '', 0, 0),
(728, 'SIGMA', '35', '11.4214', '122.6662', '', 0, 0),
(729, 'TAPAZ', '35', '', '', '', 0, 0),
(730, 'AJUY', '36', '11.1725', '123.0196', '', 0, 0),
(731, 'ALIMODIAN', '36', '10.8196', '122.4322', '', 0, 0),
(732, 'ANILAO', '36', '10.9785', '122.7531', '', 0, 0),
(733, 'BADIANGAN', '36', '', '', '', 0, 0),
(734, 'BALASAN', '36', '11.4728', '123.0878', '', 0, 0),
(735, 'BANATE', '36', '11.0500', '122.7833', '', 0, 0),
(736, 'BAROTAC NUEVO', '36', '10.9000', '122.7000', '', 0, 0),
(737, 'BAROTAC VIEJO', '36', '11.0500', '122.8500', '', 0, 0),
(738, 'BATAD', '36', '', '', '', 0, 0),
(739, 'BINGAWAN', '36', '', '', '', 0, 0),
(740, 'CABATUAN', '36', '', '', '', 0, 0),
(741, 'CALINOG', '36', '11.1333', '122.5000', '', 0, 0),
(742, 'CARLES', '36', '11.5667', '123.1333', '', 0, 0),
(743, 'CONCEPCION', '36', '', '', '', 0, 0),
(744, 'DINGLE', '36', '11.0500', '122.6667', '', 0, 0),
(745, 'DUEÑAS', '36', '', '', '', 0, 0),
(746, 'DUMANGAS', '36', '10.8333', '122.7167', '', 0, 0),
(747, 'ESTANCIA', '36', '11.4500', '123.1500', '', 0, 0),
(748, 'GUIMBAL', '36', '10.6667', '122.3167', '', 0, 0),
(749, 'IGBARAS', '36', '10.7167', '122.2667', '', 0, 0),
(750, 'ILOILO CITY (Capital)', '36', '', '', '', 0, 0),
(751, 'JANIUAY', '36', '10.9500', '122.5000', '', 0, 0),
(752, 'LAMBUNAO', '36', '11.0500', '122.4833', '', 0, 0),
(753, 'LEGANES', '36', '10.7833', '122.5833', '', 0, 0),
(754, 'LEMERY', '36', '', '', '', 0, 0),
(755, 'LEON', '36', '10.7808', '122.3894', '', 0, 0),
(756, 'MAASIN', '36', '10.8833', '122.4333', '', 0, 0),
(757, 'MIAGAO', '36', '10.6442', '122.2352', '', 0, 0),
(758, 'MINA', '36', '', '', '', 0, 0),
(759, 'NEW LUCENA', '36', '', '', '', 0, 0),
(760, 'OTON', '36', '10.6931', '122.4736', '', 0, 0),
(761, 'CITY OF PASSI', '36', '', '', '', 0, 0),
(762, 'PAVIA', '36', '10.7750', '122.5417', '', 0, 0),
(763, 'POTOTAN', '36', '10.9500', '122.6333', '', 0, 0),
(764, 'SAN DIONISIO', '36', '11.2711', '123.0948', '', 0, 0),
(765, 'SAN ENRIQUE', '36', '11.0697', '122.6567', '', 0, 0),
(766, 'SAN JOAQUIN', '36', '10.6000', '122.0833', '', 0, 0),
(767, 'SAN MIGUEL', '36', '', '', '', 0, 0),
(768, 'SAN RAFAEL', '36', '', '', '', 0, 0),
(769, 'SANTA BARBARA', '36', '', '', '', 0, 0),
(770, 'SARA', '36', '', '', '', 0, 0),
(771, 'TIGBAUAN', '36', '10.6747', '122.3776', '', 0, 0),
(772, 'TUBUNGAN', '36', '', '', '', 0, 0),
(773, 'ZARRAGA', '36', '', '', '', 0, 0),
(774, 'BACOLOD CITY (Capital)', '37', '', '', '', 0, 0),
(775, 'BAGO CITY', '37', '', '', '', 0, 0),
(776, 'BINALBAGAN', '37', '10.2000', '122.8667', '', 0, 0),
(777, 'CADIZ CITY', '37', '', '', '', 0, 0),
(778, 'CALATRAVA', '37', '', '', '', 0, 0),
(779, 'CANDONI', '37', '', '', '', 0, 0),
(780, 'CAUAYAN', '37', '', '', '', 0, 0),
(781, 'ENRIQUE B. MAGALONA (SARAVIA)', '37', '', '', '', 0, 0),
(782, 'CITY OF ESCALANTE', '37', '', '', '', 0, 0),
(783, 'CITY OF HIMAMAYLAN', '37', '', '', '', 0, 0),
(784, 'HINIGARAN', '37', '10.2667', '122.8500', '', 0, 0),
(785, 'HINOBA-AN (ASIA)', '37', '', '', '', 0, 0),
(786, 'ILOG', '37', '10.0333', '122.7667', '', 0, 0),
(787, 'ISABELA', '37', '10.2000', '122.9833', '', 0, 0),
(788, 'CITY OF KABANKALAN', '37', '', '', '', 0, 0),
(789, 'LA CARLOTA CITY', '37', '', '', '', 0, 0),
(790, 'LA CASTELLANA', '37', '', '', '', 0, 0),
(791, 'MANAPLA', '37', '10.9580', '123.1230', '', 0, 0),
(792, 'MOISES PADILLA (MAGALLON)', '37', '', '', '', 0, 0),
(793, 'MURCIA', '37', '10.6000', '123.0333', '', 0, 0),
(794, 'PONTEVEDRA', '37', '', '', '', 0, 0),
(795, 'PULUPANDAN', '37', '10.5167', '122.8000', '', 0, 0),
(796, 'SAGAY CITY', '37', '', '', '', 0, 0),
(797, 'SAN CARLOS CITY', '37', '', '', '', 0, 0),
(798, 'SAN ENRIQUE', '37', '', '', '', 0, 0),
(799, 'SILAY CITY', '37', '', '', '', 0, 0),
(800, 'CITY OF SIPALAY', '37', '', '', '', 0, 0),
(801, 'CITY OF TALISAY', '37', '', '', '', 0, 0),
(802, 'TOBOSO', '37', '10.7167', '123.5167', '', 0, 0),
(803, 'VALLADOLID', '37', '10.4667', '122.8333', '', 0, 0),
(804, 'CITY OF VICTORIAS', '37', '', '', '', 0, 0),
(805, 'SALVADOR BENEDICTO', '37', '', '', '', 0, 0),
(806, 'BUENAVISTA', '38', '', '', '', 0, 0),
(807, 'JORDAN (Capital)', '38', '', '', '', 0, 0),
(808, 'NUEVA VALENCIA', '38', '10.5259', '122.5398', '', 0, 0),
(809, 'SAN LORENZO', '38', '', '', '', 0, 0),
(810, 'SIBUNAG', '38', '', '', '', 0, 0),
(811, 'ALBURQUERQUE', '39', '', '', '', 0, 0),
(812, 'ALICIA', '39', '', '', '', 0, 0),
(813, 'ANDA', '39', '', '', '', 0, 0),
(814, 'ANTEQUERA', '39', '', '', '', 0, 0),
(815, 'BACLAYON', '39', '9.6227', '123.9135', '', 0, 0),
(816, 'BALILIHAN', '39', '', '', '', 0, 0),
(817, 'BATUAN', '39', '', '', '', 0, 0),
(818, 'BILAR', '39', '', '', '', 0, 0),
(819, 'BUENAVISTA', '39', '', '', '', 0, 0),
(820, 'CALAPE', '39', '9.8833', '123.8833', '', 0, 0),
(821, 'CANDIJAY', '39', '9.8180', '124.4960', '', 0, 0),
(822, 'CARMEN', '39', '9.8167', '124.2000', '', 0, 0),
(823, 'CATIGBIAN', '39', '', '', '', 0, 0),
(824, 'CLARIN', '39', '8.2000', '123.8500', '', 0, 0),
(825, 'CORELLA', '39', '9.6833', '123.9167', '', 0, 0),
(826, 'CORTES', '39', '', '', '', 0, 0),
(827, 'DAGOHOY', '39', '', '', '', 0, 0),
(828, 'DANAO', '39', '10.5333', '123.9333', '', 0, 0),
(829, 'DAUIS', '39', '9.6167', '123.8500', '', 0, 0),
(830, 'DIMIAO', '39', '', '', '', 0, 0),
(831, 'DUERO', '39', '', '', '', 0, 0),
(832, 'GARCIA HERNANDEZ', '39', '', '', '', 0, 0),
(833, 'GUINDULMAN', '39', '9.7620', '124.4880', '', 0, 0),
(834, 'INABANGA', '39', '10.0333', '124.0667', '', 0, 0),
(835, 'JAGNA', '39', '9.6500', '124.3667', '', 0, 0),
(836, 'JETAFE', '39', '', '', '', 0, 0),
(837, 'LILA', '39', '', '', '', 0, 0),
(838, 'LOAY', '39', '', '', '', 0, 0),
(839, 'LOBOC', '39', '', '', '', 0, 0),
(840, 'LOON', '39', '', '', '', 0, 0),
(841, 'MABINI', '39', '', '', '', 0, 0),
(842, 'MARIBOJOC', '39', '9.7500', '123.8500', '', 0, 0),
(843, 'PANGLAO', '39', '9.5833', '123.7500', '', 0, 0),
(844, 'PILAR', '39', '', '', '', 0, 0),
(845, 'PRES. CARLOS P. GARCIA (PITOGO)', '39', '', '', '', 0, 0),
(846, 'SAGBAYAN (BORJA)', '39', '', '', '', 0, 0),
(847, 'SAN ISIDRO', '39', '', '', '', 0, 0),
(848, 'SAN MIGUEL', '39', '', '', '', 0, 0),
(849, 'SEVILLA', '39', '', '', '', 0, 0),
(850, 'SIERRA BULLONES', '39', '', '', '', 0, 0),
(851, 'SIKATUNA', '39', '9.6833', '123.9667', '', 0, 0),
(852, 'TAGBILARAN CITY (Capital)', '39', '', '', '', 0, 0),
(853, 'TALIBON', '39', '10.1167', '124.2833', '', 0, 0),
(854, 'TRINIDAD', '39', '10.0795', '124.3432', '', 0, 0),
(855, 'TUBIGON', '39', '', '', '', 0, 0),
(856, 'UBAY', '39', '10.0560', '124.4729', '', 0, 0),
(857, 'VALENCIA', '39', '9.2833', '123.2500', '', 0, 0),
(858, 'BIEN UNIDO', '39', '', '', '', 0, 0),
(859, 'ALCANTARA', '40', '', '', '', 0, 0),
(860, 'ALCOY', '40', '', '', '', 0, 0),
(861, 'ALEGRIA', '40', '', '', '', 0, 0),
(862, 'ALOGUINSAN', '40', '10.2229', '123.5491', '', 0, 0),
(863, 'ARGAO', '40', '9.8833', '123.6000', '', 0, 0),
(864, 'ASTURIAS', '40', '10.5679', '123.7172', '', 0, 0),
(865, 'BADIAN', '40', '9.8694', '123.3959', '', 0, 0),
(866, 'BALAMBAN', '40', '10.4667', '123.7833', '', 0, 0),
(867, 'BANTAYAN', '40', '11.2000', '123.7333', '', 0, 0),
(868, 'BARILI', '40', '10.1167', '123.5333', '', 0, 0),
(869, 'CITY OF BOGO', '40', '', '', '', 0, 0),
(870, 'BOLJOON', '40', '', '', '', 0, 0),
(871, 'BORBON', '40', '10.8333', '124.0000', '', 0, 0),
(872, 'CITY OF CARCAR', '40', '', '', '', 0, 0),
(873, 'CARMEN', '40', '', '', '', 0, 0),
(874, 'CATMON', '40', '10.6667', '123.9500', '', 0, 0),
(875, 'CEBU CITY (Capital)', '40', '', '', '', 0, 0),
(876, 'COMPOSTELA', '40', '7.6667', '126.0833', '', 0, 0),
(877, 'CONSOLACION', '40', '10.4000', '123.9500', '', 0, 0),
(878, 'CORDOVA', '40', '', '', '', 0, 0),
(879, 'DAANBANTAYAN', '40', '11.3333', '124.0167', '', 0, 0),
(880, 'DALAGUETE', '40', '9.7612', '123.5349', '', 0, 0),
(881, 'DANAO CITY', '40', '', '', '', 0, 0),
(882, 'DUMANJUG', '40', '', '', '', 0, 0),
(883, 'GINATILAN', '40', '', '', '', 0, 0),
(884, 'LAPU-LAPU CITY (OPON)', '40', '', '', '', 0, 0),
(885, 'LILOAN', '40', '', '', '', 0, 0),
(886, 'MADRIDEJOS', '40', '9.7912', '123.3462', '', 0, 0),
(887, 'MALABUYOC', '40', '', '', '', 0, 0),
(888, 'MANDAUE CITY', '40', '10.3333', '123.9333', '', 0, 0),
(889, 'MEDELLIN', '40', '11.1286', '123.9622', '', 0, 0),
(890, 'MINGLANILLA', '40', '10.2450', '123.7964', '', 0, 0),
(891, 'MOALBOAL', '40', '9.9500', '123.4000', '', 0, 0),
(892, 'CITY OF NAGA', '40', '', '', '', 0, 0),
(893, 'OSLOB', '40', '9.5500', '123.4000', '', 0, 0),
(894, 'PILAR', '40', '', '', '', 0, 0),
(895, 'PINAMUNGAHAN', '40', '10.2667', '123.5833', '', 0, 0),
(896, 'PORO', '40', '', '', '', 0, 0),
(897, 'RONDA', '40', '', '', '', 0, 0),
(898, 'SAMBOAN', '40', '', '', '', 0, 0),
(899, 'SAN FERNANDO', '40', '', '', '', 0, 0),
(900, 'SAN FRANCISCO', '40', '10.6500', '124.3500', '', 0, 0),
(901, 'SAN REMIGIO', '40', '', '', '', 0, 0),
(902, 'SANTA FE', '40', '', '', '', 0, 0),
(903, 'SANTANDER', '40', '', '', '', 0, 0),
(904, 'SIBONGA', '40', '10.0333', '123.5667', '', 0, 0),
(905, 'SOGOD', '40', '10.7500', '124.0000', '', 0, 0),
(906, 'TABOGON', '40', '10.9333', '124.0333', '', 0, 0),
(907, 'TABUELAN', '40', '', '', '', 0, 0),
(908, 'CITY OF TALISAY', '40', '', '', '', 0, 0),
(909, 'TOLEDO CITY', '40', '', '', '', 0, 0),
(910, 'TUBURAN', '40', '10.7333', '123.8333', '', 0, 0),
(911, 'TUDELA', '40', '8.2472', '123.8424', '', 0, 0),
(912, 'AMLAN (AYUQUITAN)', '41', '', '', '', 0, 0),
(913, 'AYUNGON', '41', '9.8584', '123.1468', '', 0, 0),
(914, 'BACONG', '41', '9.2464', '123.2948', '', 0, 0),
(915, 'BAIS CITY', '41', '', '', '', 0, 0),
(916, 'BASAY', '41', '', '', '', 0, 0),
(917, 'CITY OF BAYAWAN (TULONG)', '41', '', '', '', 0, 0),
(918, 'BINDOY (PAYABON)', '41', '', '', '', 0, 0),
(919, 'CANLAON CITY', '41', '', '', '', 0, 0),
(920, 'DAUIN', '41', '9.2000', '123.2667', '', 0, 0),
(921, 'DUMAGUETE CITY (Capital)', '41', '', '', '', 0, 0),
(922, 'CITY OF GUIHULNGAN', '41', '', '', '', 0, 0),
(923, 'JIMALALUD', '41', '9.9797', '123.1999', '', 0, 0),
(924, 'LA LIBERTAD', '41', '10.0333', '123.2167', '', 0, 0),
(925, 'MABINAY', '41', '9.7333', '122.9167', '', 0, 0),
(926, 'MANJUYOD', '41', '9.6833', '123.1500', '', 0, 0),
(927, 'PAMPLONA', '41', '', '', '', 0, 0),
(928, 'SAN JOSE', '41', '', '', '', 0, 0),
(929, 'SANTA CATALINA', '41', '', '', '', 0, 0),
(930, 'SIATON', '41', '9.0667', '123.0333', '', 0, 0),
(931, 'SIBULAN', '41', '9.3500', '123.2833', '', 0, 0),
(932, 'CITY OF TANJAY', '41', '', '', '', 0, 0),
(933, 'TAYASAN', '41', '9.9167', '123.1500', '', 0, 0),
(934, 'VALENCIA (LUZURRIAGA)', '41', '', '', '', 0, 0),
(935, 'VALLEHERMOSO', '41', '10.3333', '123.3167', '', 0, 0),
(936, 'ZAMBOANGUITA', '41', '9.1167', '123.2000', '', 0, 0),
(937, 'ENRIQUE VILLANUEVA', '42', '', '', '', 0, 0),
(938, 'LARENA', '42', '', '', '', 0, 0),
(939, 'LAZI', '42', '', '', '', 0, 0),
(940, 'MARIA', '42', '', '', '', 0, 0),
(941, 'SAN JUAN', '42', '', '', '', 0, 0),
(942, 'SIQUIJOR (Capital)', '42', '', '', '', 0, 0),
(943, 'ARTECHE', '43', '', '', '', 0, 0),
(944, 'BALANGIGA', '43', '', '', '', 0, 0),
(945, 'BALANGKAYAN', '43', '', '', '', 0, 0),
(946, 'CITY OF BORONGAN (Capital)', '43', '', '', '', 0, 0),
(947, 'CAN-AVID', '43', '', '', '', 0, 0),
(948, 'DOLORES', '43', '', '', '', 0, 0),
(949, 'GENERAL MACARTHUR', '43', '', '', '', 0, 0),
(950, 'GIPORLOS', '43', '', '', '', 0, 0),
(951, 'GUIUAN', '43', '11.0333', '125.7333', '', 0, 0),
(952, 'HERNANI', '43', '', '', '', 0, 0),
(953, 'JIPAPAD', '43', '', '', '', 0, 0),
(954, 'LAWAAN', '43', '', '', '', 0, 0),
(955, 'LLORENTE', '43', '', '', '', 0, 0),
(956, 'MASLOG', '43', '', '', '', 0, 0),
(957, 'MAYDOLONG', '43', '', '', '', 0, 0),
(958, 'MERCEDES', '43', '', '', '', 0, 0),
(959, 'ORAS', '43', '12.1333', '125.4333', '', 0, 0),
(960, 'QUINAPONDAN', '43', '', '', '', 0, 0),
(961, 'SALCEDO', '43', '', '', '', 0, 0),
(962, 'SAN JULIAN', '43', '', '', '', 0, 0),
(963, 'SAN POLICARPO', '43', '', '', '', 0, 0),
(964, 'SULAT', '43', '', '', '', 0, 0),
(965, 'TAFT', '43', '', '', '', 0, 0),
(966, 'ABUYOG', '44', '10.7458', '125.0122', '', 0, 0),
(967, 'ALANGALANG', '44', '11.2000', '124.8500', '', 0, 0),
(968, 'ALBUERA', '44', '10.9186', '124.6923', '', 0, 0),
(969, 'BABATNGON', '44', '11.4207', '124.8434', '', 0, 0),
(970, 'BARUGO', '44', '11.3167', '124.7333', '', 0, 0),
(971, 'BATO', '44', '', '', '', 0, 0),
(972, 'CITY OF BAYBAY', '44', '', '', '', 0, 0),
(973, 'BURAUEN', '44', '10.9833', '124.9000', '', 0, 0),
(974, 'CALUBIAN', '44', '11.4500', '124.4167', '', 0, 0),
(975, 'CAPOOCAN', '44', '11.2833', '124.6500', '', 0, 0),
(976, 'CARIGARA', '44', '11.3000', '124.6833', '', 0, 0),
(977, 'DAGAMI', '44', '11.0611', '124.9031', '', 0, 0),
(978, 'DULAG', '44', '10.9525', '125.0317', '', 0, 0),
(979, 'HILONGOS', '44', '10.3667', '124.7500', '', 0, 0),
(980, 'HINDANG', '44', '', '', '', 0, 0),
(981, 'INOPACAN', '44', '', '', '', 0, 0),
(982, 'ISABEL', '44', '10.9333', '124.4333', '', 0, 0),
(983, 'JARO', '44', '11.1833', '124.7833', '', 0, 0),
(984, 'JAVIER (BUGHO)', '44', '', '', '', 0, 0),
(985, 'JULITA', '44', '', '', '', 0, 0),
(986, 'KANANGA', '44', '', '', '', 0, 0),
(987, 'LA PAZ', '44', '', '', '', 0, 0),
(988, 'LEYTE', '44', '11.3667', '124.4833', '', 0, 0),
(989, 'MACARTHUR', '44', '', '', '', 0, 0),
(990, 'MAHAPLAG', '44', '10.5833', '124.9833', '', 0, 0),
(991, 'MATAG-OB', '44', '', '', '', 0, 0),
(992, 'MATALOM', '44', '10.2833', '124.8000', '', 0, 0),
(993, 'MAYORGA', '44', '', '', '', 0, 0),
(994, 'MERIDA', '44', '10.9098', '124.5376', '', 0, 0),
(995, 'ORMOC CITY', '44', '', '', '', 0, 0),
(996, 'PALO', '44', '', '', '', 0, 0),
(997, 'PALOMPON', '44', '11.0500', '124.3833', '', 0, 0),
(998, 'PASTRANA', '44', '', '', '', 0, 0),
(999, 'SAN ISIDRO', '44', '', '', '', 0, 0),
(1000, 'SAN MIGUEL', '44', '', '', '', 0, 0),
(1001, 'SANTA FE', '44', '', '', '', 0, 0),
(1002, 'TABANGO', '44', '11.3167', '124.3667', '', 0, 0),
(1003, 'TABONTABON', '44', '', '', '', 0, 0),
(1004, 'TACLOBAN CITY (Capital)', '44', '', '', '', 0, 0),
(1005, 'TANAUAN', '44', '11.1167', '125.0167', '', 0, 0),
(1006, 'TOLOSA', '44', '', '', '', 0, 0),
(1007, 'TUNGA', '44', '', '', '', 0, 0),
(1008, 'VILLABA', '44', '11.2167', '124.4000', '', 0, 0),
(1009, 'ALLEN', '45', '', '', '', 0, 0),
(1010, 'BIRI', '45', '', '', '', 0, 0),
(1011, 'BOBON', '45', '', '', '', 0, 0),
(1012, 'CAPUL', '45', '', '', '', 0, 0),
(1013, 'CATARMAN (Capital)', '45', '', '', '', 0, 0);
INSERT INTO `lup_locations` (`location_id`, `location_description`, `province_id`, `lat`, `lng`, `date_added`, `added_by`, `isdeleted`) VALUES
(1014, 'CATUBIG', '45', '12.4000', '125.0500', '', 0, 0),
(1015, 'GAMAY', '45', '', '', '', 0, 0),
(1016, 'LAOANG', '45', '12.5667', '125.0167', '', 0, 0),
(1017, 'LAPINIG', '45', '', '', '', 0, 0),
(1018, 'LAS NAVAS', '45', '12.3400', '125.0320', '', 0, 0),
(1019, 'LAVEZARES', '45', '12.5333', '124.3333', '', 0, 0),
(1020, 'MAPANAS', '45', '', '', '', 0, 0),
(1021, 'MONDRAGON', '45', '12.5167', '124.7500', '', 0, 0),
(1022, 'PALAPAG', '45', '12.5470', '125.1160', '', 0, 0),
(1023, 'PAMBUJAN', '45', '12.5667', '124.9333', '', 0, 0),
(1024, 'ROSARIO', '45', '', '', '', 0, 0),
(1025, 'SAN ANTONIO', '45', '', '', '', 0, 0),
(1026, 'SAN ISIDRO', '45', '', '', '', 0, 0),
(1027, 'SAN JOSE', '45', '', '', '', 0, 0),
(1028, 'SAN ROQUE', '45', '12.5330', '124.8670', '', 0, 0),
(1029, 'SAN VICENTE', '45', '', '', '', 0, 0),
(1030, 'SILVINO LOBOS', '45', '', '', '', 0, 0),
(1031, 'VICTORIA', '45', '', '', '', 0, 0),
(1032, 'LOPE DE VEGA', '45', '', '', '', 0, 0),
(1033, 'ALMAGRO', '46', '', '', '', 0, 0),
(1034, 'BASEY', '46', '11.2817', '125.0683', '', 0, 0),
(1035, 'CALBAYOG CITY', '46', '12.0667', '124.6000', '', 0, 0),
(1036, 'CALBIGA', '46', '', '', '', 0, 0),
(1037, 'CITY OF CATBALOGAN (Capital)', '46', '', '', '', 0, 0),
(1038, 'DARAM', '46', '11.6341', '124.7947', '', 0, 0),
(1039, 'GANDARA', '46', '12.0130', '124.8118', '', 0, 0),
(1040, 'HINABANGAN', '46', '', '', '', 0, 0),
(1041, 'JIABONG', '46', '', '', '', 0, 0),
(1042, 'MARABUT', '46', '', '', '', 0, 0),
(1043, 'MATUGUINAO', '46', '', '', '', 0, 0),
(1044, 'MOTIONG', '46', '', '', '', 0, 0),
(1045, 'PINABACDAO', '46', '', '', '', 0, 0),
(1046, 'SAN JOSE DE BUAN', '46', '', '', '', 0, 0),
(1047, 'SAN SEBASTIAN', '46', '', '', '', 0, 0),
(1048, 'SANTA MARGARITA', '46', '', '', '', 0, 0),
(1049, 'SANTA RITA', '46', '', '', '', 0, 0),
(1050, 'SANTO NIÑO', '46', '', '', '', 0, 0),
(1051, 'TALALORA', '46', '', '', '', 0, 0),
(1052, 'TARANGNAN', '46', '', '', '', 0, 0),
(1053, 'VILLAREAL', '46', '11.5667', '124.9333', '', 0, 0),
(1054, 'PARANAS (WRIGHT)', '46', '', '', '', 0, 0),
(1055, 'ZUMARRAGA', '46', '', '', '', 0, 0),
(1056, 'TAGAPUL-AN', '46', '', '', '', 0, 0),
(1057, 'SAN JORGE', '46', '', '', '', 0, 0),
(1058, 'PAGSANGHAN', '46', '', '', '', 0, 0),
(1059, 'ANAHAWAN', '47', '', '', '', 0, 0),
(1060, 'BONTOC', '47', '17.0872', '120.9756', '', 0, 0),
(1061, 'HINUNANGAN', '47', '10.4000', '125.2000', '', 0, 0),
(1062, 'HINUNDAYAN', '47', '', '', '', 0, 0),
(1063, 'LIBAGON', '47', '', '', '', 0, 0),
(1064, 'LILOAN', '47', '', '', '', 0, 0),
(1065, 'CITY OF MAASIN (Capital)', '47', '', '', '', 0, 0),
(1066, 'MACROHON', '47', '', '', '', 0, 0),
(1067, 'MALITBOG', '47', '', '', '', 0, 0),
(1068, 'PADRE BURGOS', '47', '', '', '', 0, 0),
(1069, 'PINTUYAN', '47', '', '', '', 0, 0),
(1070, 'SAINT BERNARD', '47', '10.2833', '125.1333', '', 0, 0),
(1071, 'SAN FRANCISCO', '47', '', '', '', 0, 0),
(1072, 'SAN JUAN (CABALIAN)', '47', '', '', '', 0, 0),
(1073, 'SAN RICARDO', '47', '', '', '', 0, 0),
(1074, 'SILAGO', '47', '', '', '', 0, 0),
(1075, 'SOGOD', '47', '', '', '', 0, 0),
(1076, 'TOMAS OPPUS', '47', '', '', '', 0, 0),
(1077, 'LIMASAWA', '47', '', '', '', 0, 0),
(1078, 'ALMERIA', '48', '', '', '', 0, 0),
(1079, 'BILIRAN', '48', '', '', '', 0, 0),
(1080, 'CABUCGAYAN', '48', '', '', '', 0, 0),
(1081, 'CAIBIRAN', '48', '', '', '', 0, 0),
(1082, 'CULABA', '48', '', '', '', 0, 0),
(1083, 'KAWAYAN', '48', '', '', '', 0, 0),
(1084, 'MARIPIPI', '48', '', '', '', 0, 0),
(1085, 'NAVAL (Capital)', '48', '', '', '', 0, 0),
(1086, 'DAPITAN CITY', '49', '', '', '', 0, 0),
(1087, 'DIPOLOG CITY (Capital)', '49', '', '', '', 0, 0),
(1088, 'KATIPUNAN', '49', '8.5134', '123.2847', '', 0, 0),
(1089, 'LA LIBERTAD', '49', '', '', '', 0, 0),
(1090, 'LABASON', '49', '8.0667', '122.5167', '', 0, 0),
(1091, 'LILOY', '49', '8.1167', '122.6667', '', 0, 0),
(1092, 'MANUKAN', '49', '', '', '', 0, 0),
(1093, 'MUTIA', '49', '', '', '', 0, 0),
(1094, 'PIÑAN (NEW PIÑAN)', '49', '', '', '', 0, 0),
(1095, 'POLANCO', '49', '8.5333', '123.3667', '', 0, 0),
(1096, 'PRES. MANUEL A. ROXAS', '49', '', '', '', 0, 0),
(1097, 'RIZAL', '49', '', '', '', 0, 0),
(1098, 'SALUG', '49', '8.1079', '122.7542', '', 0, 0),
(1099, 'SERGIO OSMEÑA SR.', '49', '', '', '', 0, 0),
(1100, 'SIAYAN', '49', '8.2519', '123.1122', '', 0, 0),
(1101, 'SIBUCO', '49', '7.2833', '122.0667', '', 0, 0),
(1102, 'SIBUTAD', '49', '', '', '', 0, 0),
(1103, 'SINDANGAN', '49', '8.2333', '123.0000', '', 0, 0),
(1104, 'SIOCON', '49', '7.7000', '122.1333', '', 0, 0),
(1105, 'SIRAWAI', '49', '', '', '', 0, 0),
(1106, 'TAMPILISAN', '49', '', '', '', 0, 0),
(1107, 'JOSE DALMAN (PONOT)', '49', '', '', '', 0, 0),
(1108, 'GUTALAC', '49', '7.9833', '122.4000', '', 0, 0),
(1109, 'BALIGUIAN', '49', '', '', '', 0, 0),
(1110, 'GODOD', '49', '', '', '', 0, 0),
(1111, 'BACUNGAN (Leon T. Postigo)', '49', '', '', '', 0, 0),
(1112, 'KALAWIT', '49', '', '', '', 0, 0),
(1113, 'AURORA', '50', '', '', '', 0, 0),
(1114, 'BAYOG', '50', '7.8474', '123.0423', '', 0, 0),
(1115, 'DIMATALING', '50', '7.5333', '123.3667', '', 0, 0),
(1116, 'DINAS', '50', '7.6136', '123.3389', '', 0, 0),
(1117, 'DUMALINAO', '50', '7.8167', '123.3667', '', 0, 0),
(1118, 'DUMINGAG', '50', '8.1667', '123.3500', '', 0, 0),
(1119, 'KUMALARANG', '50', '7.7500', '123.1500', '', 0, 0),
(1120, 'LABANGAN', '50', '7.8667', '123.5167', '', 0, 0),
(1121, 'LAPUYAN', '50', '7.6333', '123.2000', '', 0, 0),
(1122, 'MAHAYAG', '50', '8.1333', '123.3833', '', 0, 0),
(1123, 'MARGOSATUBIG', '50', '7.5783', '123.1659', '', 0, 0),
(1124, 'MIDSALIP', '50', '8.0324', '123.3145', '', 0, 0),
(1125, 'MOLAVE', '50', '8.0833', '123.4833', '', 0, 0),
(1126, 'PAGADIAN CITY (Capital)', '50', '', '', '', 0, 0),
(1127, 'RAMON MAGSAYSAY (LIARGO)', '50', '', '', '', 0, 0),
(1128, 'SAN MIGUEL', '50', '', '', '', 0, 0),
(1129, 'SAN PABLO', '50', '', '', '', 0, 0),
(1130, 'TABINA', '50', '', '', '', 0, 0),
(1131, 'TAMBULIG', '50', '8.0667', '123.5333', '', 0, 0),
(1132, 'TUKURAN', '50', '', '', '', 0, 0),
(1133, 'ZAMBOANGA CITY', '50', '6.9167', '122.0833', '', 0, 0),
(1134, 'LAKEWOOD', '50', '', '', '', 0, 0),
(1135, 'JOSEFINA', '50', '', '', '', 0, 0),
(1136, 'PITOGO', '50', '', '', '', 0, 0),
(1137, 'SOMINOT (DON MARIANO MARCOS)', '50', '', '', '', 0, 0),
(1138, 'VINCENZO A. SAGUN', '50', '', '', '', 0, 0),
(1139, 'GUIPOS', '50', '', '', '', 0, 0),
(1140, 'TIGBAO', '50', '', '', '', 0, 0),
(1141, 'ALICIA', '51', '', '', '', 0, 0),
(1142, 'BUUG', '51', '7.7333', '123.0667', '', 0, 0),
(1143, 'DIPLAHAN', '51', '7.6939', '122.9845', '', 0, 0),
(1144, 'IMELDA', '51', '', '', '', 0, 0),
(1145, 'IPIL (Capital)', '51', '', '', '', 0, 0),
(1146, 'KABASALAN', '51', '7.7968', '122.7627', '', 0, 0),
(1147, 'MABUHAY', '51', '7.4176', '122.8370', '', 0, 0),
(1148, 'MALANGAS', '51', '7.6263', '123.0340', '', 0, 0),
(1149, 'NAGA', '51', '7.7887', '122.6953', '', 0, 0),
(1150, 'OLUTANGA', '51', '7.3106', '122.8464', '', 0, 0),
(1151, 'PAYAO', '51', '7.5857', '122.8022', '', 0, 0),
(1152, 'ROSELLER LIM', '51', '7.6568', '122.4701', '', 0, 0),
(1153, 'SIAY', '51', '7.7056', '122.8641', '', 0, 0),
(1154, 'TALUSAN', '51', '7.4263', '122.8084', '', 0, 0),
(1155, 'TITAY', '51', '7.8682', '122.5613', '', 0, 0),
(1156, 'TUNGAWAN', '51', '', '', '', 0, 0),
(1157, 'CITY OF ISABELA', '52', '6.7000', '121.9667', '', 0, 0),
(1158, 'BAUNGON', '53', '', '', '', 0, 0),
(1159, 'DAMULOG', '53', '7.4833', '124.9333', '', 0, 0),
(1160, 'DANGCAGAN', '53', '', '', '', 0, 0),
(1161, 'DON CARLOS', '53', '7.6833', '125.0000', '', 0, 0),
(1162, 'IMPASUG-ONG', '53', '', '', '', 0, 0),
(1163, 'KADINGILAN', '53', '7.6000', '124.9167', '', 0, 0),
(1164, 'KALILANGAN', '53', '7.7500', '124.7500', '', 0, 0),
(1165, 'KIBAWE', '53', '7.5667', '124.9833', '', 0, 0),
(1166, 'KITAOTAO', '53', '7.6397', '125.0089', '', 0, 0),
(1167, 'LANTAPAN', '53', '8.0005', '125.0235', '', 0, 0),
(1168, 'LIBONA', '53', '8.3333', '124.7333', '', 0, 0),
(1169, 'CITY OF MALAYBALAY (Capital)', '53', '', '', '', 0, 0),
(1170, 'MALITBOG', '53', '', '', '', 0, 0),
(1171, 'MANOLO FORTICH', '53', '8.3697', '124.8644', '', 0, 0),
(1172, 'MARAMAG', '53', '7.7667', '125.0000', '', 0, 0),
(1173, 'PANGANTUCAN', '53', '', '', '', 0, 0),
(1174, 'QUEZON', '53', '', '', '', 0, 0),
(1175, 'SAN FERNANDO', '53', '', '', '', 0, 0),
(1176, 'SUMILAO', '53', '8.2872', '124.9456', '', 0, 0),
(1177, 'TALAKAG', '53', '8.2336', '124.6003', '', 0, 0),
(1178, 'CITY OF VALENCIA', '53', '', '', '', 0, 0),
(1179, 'CABANGLASAN', '53', '8.0667', '125.3167', '', 0, 0),
(1180, 'CATARMAN', '54', '12.4500', '124.6500', '', 0, 0),
(1181, 'GUINSILIBAN', '54', '', '', '', 0, 0),
(1182, 'MAHINOG', '54', '', '', '', 0, 0),
(1183, 'MAMBAJAO (Capital)', '54', '', '', '', 0, 0),
(1184, 'SAGAY', '54', '10.9000', '123.4167', '', 0, 0),
(1185, 'BACOLOD', '55', '10.6765', '122.9509', '', 0, 0),
(1186, 'BALOI', '55', '', '', '', 0, 0),
(1187, 'BAROY', '55', '', '', '', 0, 0),
(1188, 'ILIGAN CITY', '55', '', '', '', 0, 0),
(1189, 'KAPATAGAN', '55', '7.9000', '123.7667', '', 0, 0),
(1190, 'SULTAN NAGA DIMAPORO (KAROMATAN)', '55', '', '', '', 0, 0),
(1191, 'KAUSWAGAN', '55', '', '', '', 0, 0),
(1192, 'KOLAMBUGAN', '55', '', '', '', 0, 0),
(1193, 'LALA', '55', '7.9667', '123.7500', '', 0, 0),
(1194, 'LINAMON', '55', '', '', '', 0, 0),
(1195, 'MAGSAYSAY', '55', '', '', '', 0, 0),
(1196, 'MAIGO', '55', '', '', '', 0, 0),
(1197, 'MATUNGAO', '55', '', '', '', 0, 0),
(1198, 'MUNAI', '55', '7.9758', '124.0636', '', 0, 0),
(1199, 'NUNUNGAN', '55', '', '', '', 0, 0),
(1200, 'PANTAO RAGAT', '55', '', '', '', 0, 0),
(1201, 'POONA PIAGAPO', '55', '', '', '', 0, 0),
(1202, 'SALVADOR', '55', '', '', '', 0, 0),
(1203, 'SAPAD', '55', '', '', '', 0, 0),
(1204, 'TAGOLOAN', '55', '8.5333', '124.7500', '', 0, 0),
(1205, 'TANGCAL', '55', '', '', '', 0, 0),
(1206, 'TUBOD (Capital)', '55', '', '', '', 0, 0),
(1207, 'PANTAR', '55', '', '', '', 0, 0),
(1208, 'ALORAN', '56', '8.4146', '123.8228', '', 0, 0),
(1209, 'BALIANGAO', '56', '', '', '', 0, 0),
(1210, 'BONIFACIO', '56', '8.0527', '123.6136', '', 0, 0),
(1211, 'CALAMBA', '56', '', '', '', 0, 0),
(1212, 'CLARIN', '56', '', '', '', 0, 0),
(1213, 'CONCEPCION', '56', '', '', '', 0, 0),
(1214, 'JIMENEZ', '56', '8.3333', '123.8333', '', 0, 0),
(1215, 'LOPEZ JAENA', '56', '', '', '', 0, 0),
(1216, 'OROQUIETA CITY (Capital)', '56', '', '', '', 0, 0),
(1217, 'OZAMIS CITY', '56', '', '', '', 0, 0),
(1218, 'PANAON', '56', '', '', '', 0, 0),
(1219, 'PLARIDEL', '56', '', '', '', 0, 0),
(1220, 'SAPANG DALAGA', '56', '', '', '', 0, 0),
(1221, 'SINACABAN', '56', '', '', '', 0, 0),
(1222, 'TANGUB CITY', '56', '', '', '', 0, 0),
(1223, 'TUDELA', '56', '', '', '', 0, 0),
(1224, 'DON VICTORIANO CHIONGBIAN  (DON MARIANO MARCOS)', '56', '', '', '', 0, 0),
(1225, 'ALUBIJID', '57', '8.5714', '124.4751', '', 0, 0),
(1226, 'BALINGASAG', '57', '8.7500', '124.7833', '', 0, 0),
(1227, 'BALINGOAN', '57', '', '', '', 0, 0),
(1228, 'BINUANGAN', '57', '', '', '', 0, 0),
(1229, 'CAGAYAN DE ORO CITY (Capital)', '57', '', '', '', 0, 0),
(1230, 'CLAVERIA', '57', '', '', '', 0, 0),
(1231, 'CITY OF EL SALVADOR', '57', '', '', '', 0, 0),
(1232, 'GINGOOG CITY', '57', '', '', '', 0, 0),
(1233, 'GITAGUM', '57', '', '', '', 0, 0),
(1234, 'INITAO', '57', '8.5000', '124.3167', '', 0, 0),
(1235, 'JASAAN', '57', '8.6500', '124.7500', '', 0, 0),
(1236, 'KINOGUITAN', '57', '', '', '', 0, 0),
(1237, 'LAGONGLONG', '57', '', '', '', 0, 0),
(1238, 'LAGUINDINGAN', '57', '', '', '', 0, 0),
(1239, 'LIBERTAD', '57', '', '', '', 0, 0),
(1240, 'LUGAIT', '57', '', '', '', 0, 0),
(1241, 'MAGSAYSAY (LINUGOS)', '57', '', '', '', 0, 0),
(1242, 'MANTICAO', '57', '8.4042', '124.2867', '', 0, 0),
(1243, 'MEDINA', '57', '8.9167', '125.0167', '', 0, 0),
(1244, 'NAAWAN', '57', '', '', '', 0, 0),
(1245, 'OPOL', '57', '8.5167', '124.5667', '', 0, 0),
(1246, 'SALAY', '57', '8.8667', '124.8000', '', 0, 0),
(1247, 'SUGBONGCOGON', '57', '', '', '', 0, 0),
(1248, 'TAGOLOAN', '57', '', '', '', 0, 0),
(1249, 'TALISAYAN', '57', '', '', '', 0, 0),
(1250, 'VILLANUEVA', '57', '8.5833', '124.7833', '', 0, 0),
(1251, 'ASUNCION (SAUG)', '58', '', '', '', 0, 0),
(1252, 'CARMEN', '58', '', '', '', 0, 0),
(1253, 'KAPALONG', '58', '7.5854', '125.7052', '', 0, 0),
(1254, 'NEW CORELLA', '58', '7.5866', '125.8237', '', 0, 0),
(1255, 'CITY OF PANABO', '58', '', '', '', 0, 0),
(1256, 'ISLAND GARDEN CITY OF SAMAL', '58', '', '', '', 0, 0),
(1257, 'SANTO TOMAS', '58', '', '', '', 0, 0),
(1258, 'CITY OF TAGUM (Capital)', '58', '', '', '', 0, 0),
(1259, 'TALAINGOD', '58', '', '', '', 0, 0),
(1260, 'BRAULIO E. DUJALI', '58', '', '', '', 0, 0),
(1261, 'SAN ISIDRO', '58', '', '', '', 0, 0),
(1262, 'BANSALAN', '59', '6.7833', '125.2167', '', 0, 0),
(1263, 'DAVAO CITY', '59', '', '', '', 0, 0),
(1264, 'CITY OF DIGOS (Capital)', '59', '', '', '', 0, 0),
(1265, 'HAGONOY', '59', '', '', '', 0, 0),
(1266, 'KIBLAWAN', '59', '6.6167', '125.2167', '', 0, 0),
(1267, 'MAGSAYSAY', '59', '', '', '', 0, 0),
(1268, 'MALALAG', '59', '6.6000', '125.4000', '', 0, 0),
(1269, 'MATANAO', '59', '6.7500', '125.2333', '', 0, 0),
(1270, 'PADADA', '59', '', '', '', 0, 0),
(1271, 'SANTA CRUZ', '59', '', '', '', 0, 0),
(1272, 'SULOP', '59', '6.5986', '125.3436', '', 0, 0),
(1273, 'BAGANGA', '60', '7.5752', '126.5585', '', 0, 0),
(1274, 'BANAYBANAY', '60', '6.9699', '126.0126', '', 0, 0),
(1275, 'BOSTON', '60', '', '', '', 0, 0),
(1276, 'CARAGA', '60', '7.3333', '126.5667', '', 0, 0),
(1277, 'CATEEL', '60', '7.7833', '126.4500', '', 0, 0),
(1278, 'GOVERNOR GENEROSO', '60', '', '', '', 0, 0),
(1279, 'LUPON', '60', '6.8981', '126.0096', '', 0, 0),
(1280, 'MANAY', '60', '7.2167', '126.5333', '', 0, 0),
(1281, 'CITY OF MATI (Capital)', '60', '', '', '', 0, 0),
(1282, 'SAN ISIDRO', '60', '', '', '', 0, 0),
(1283, 'TARRAGONA', '60', '', '', '', 0, 0),
(1284, 'COMPOSTELA', '61', '', '', '', 0, 0),
(1285, 'LAAK (SAN VICENTE)', '61', '', '', '', 0, 0),
(1286, 'MABINI (DOÑA ALICIA)', '61', '', '', '', 0, 0),
(1287, 'MACO', '61', '7.3619', '125.8553', '', 0, 0),
(1288, 'MARAGUSAN (SAN MARIANO)', '61', '', '', '', 0, 0),
(1289, 'MAWAB', '61', '', '', '', 0, 0),
(1290, 'MONKAYO', '61', '7.8167', '126.0500', '', 0, 0),
(1291, 'MONTEVISTA', '61', '7.7000', '125.9833', '', 0, 0),
(1292, 'NABUNTURAN (Capital)', '61', '', '', '', 0, 0),
(1293, 'NEW BATAAN', '61', '', '', '', 0, 0),
(1294, 'PANTUKAN', '61', '', '', '', 0, 0),
(1295, 'DON MARCELINO', '62', '', '', '', 0, 0),
(1296, 'JOSE ABAD SANTOS (TRINIDAD)', '62', '', '', '', 0, 0),
(1297, 'MALITA', '62', '6.4000', '125.6000', '', 0, 0),
(1298, 'SANTA MARIA', '62', '', '', '', 0, 0),
(1299, 'SARANGANI', '62', '', '', '', 0, 0),
(1300, 'ALAMADA', '63', '7.3868', '124.5534', '', 0, 0),
(1301, 'CARMEN', '63', '', '', '', 0, 0),
(1302, 'KABACAN', '63', '7.1167', '124.8167', '', 0, 0),
(1303, 'CITY OF KIDAPAWAN (Capital)', '63', '', '', '', 0, 0),
(1304, 'LIBUNGAN', '63', '7.2500', '124.5167', '', 0, 0),
(1305, 'MAGPET', '63', '7.1167', '125.1167', '', 0, 0),
(1306, 'MAKILALA', '63', '6.9667', '125.0833', '', 0, 0),
(1307, 'MATALAM', '63', '7.0833', '124.9000', '', 0, 0),
(1308, 'MIDSAYAP', '63', '7.1917', '124.5333', '', 0, 0),
(1309, 'M\'LANG', '63', '', '', '', 0, 0),
(1310, 'PIGKAWAYAN', '63', '', '', '', 0, 0),
(1311, 'PIKIT', '63', '7.0500', '124.6667', '', 0, 0),
(1312, 'PRESIDENT ROXAS', '63', '', '', '', 0, 0),
(1313, 'TULUNAN', '63', '6.8333', '124.8833', '', 0, 0),
(1314, 'ANTIPAS', '63', '', '', '', 0, 0),
(1315, 'BANISILAN', '63', '7.5000', '124.7000', '', 0, 0),
(1316, 'ALEOSAN', '63', '', '', '', 0, 0),
(1317, 'ARAKAN', '63', '', '', '', 0, 0),
(1318, 'BANGA', '64', '', '', '', 0, 0),
(1319, 'GENERAL SANTOS CITY (DADIANGAS)', '64', '', '', '', 0, 0),
(1320, 'CITY OF KORONADAL (Capital)', '64', '', '', '', 0, 0),
(1321, 'NORALA', '64', '6.5500', '124.6667', '', 0, 0),
(1322, 'POLOMOLOK', '64', '6.2167', '125.0667', '', 0, 0),
(1323, 'SURALLAH', '64', '6.3667', '124.7333', '', 0, 0),
(1324, 'TAMPAKAN', '64', '6.4500', '124.9333', '', 0, 0),
(1325, 'TANTANGAN', '64', '6.6167', '124.7500', '', 0, 0),
(1326, 'T\'BOLI', '64', '', '', '', 0, 0),
(1327, 'TUPI', '64', '6.3333', '124.9500', '', 0, 0),
(1328, 'SANTO NIÑO', '64', '', '', '', 0, 0),
(1329, 'LAKE SEBU', '64', '', '', '', 0, 0),
(1330, 'BAGUMBAYAN', '65', '6.5339', '124.5633', '', 0, 0),
(1331, 'COLUMBIO', '65', '6.7000', '124.9333', '', 0, 0),
(1332, 'ESPERANZA', '65', '', '', '', 0, 0),
(1333, 'ISULAN (Capital)', '65', '', '', '', 0, 0),
(1334, 'KALAMANSIG', '65', '6.5667', '124.0500', '', 0, 0),
(1335, 'LEBAK', '65', '', '', '', 0, 0),
(1336, 'LUTAYAN', '65', '6.6000', '124.8500', '', 0, 0),
(1337, 'LAMBAYONG (MARIANO MARCOS)', '65', '', '', '', 0, 0),
(1338, 'PALIMBANG', '65', '6.2167', '124.2000', '', 0, 0),
(1339, 'PRESIDENT QUIRINO', '65', '6.7000', '124.7333', '', 0, 0),
(1340, 'CITY OF TACURONG', '65', '', '', '', 0, 0),
(1341, 'SEN. NINOY AQUINO', '65', '', '', '', 0, 0),
(1342, 'ALABEL (Capital)', '66', '', '', '', 0, 0),
(1343, 'GLAN', '66', '5.8167', '125.2000', '', 0, 0),
(1344, 'KIAMBA', '66', '5.9833', '124.6167', '', 0, 0),
(1345, 'MAASIM', '66', '', '', '', 0, 0),
(1346, 'MAITUM', '66', '6.0333', '124.4833', '', 0, 0),
(1347, 'MALAPATAN', '66', '5.9667', '125.2833', '', 0, 0),
(1348, 'MALUNGON', '66', '', '', '', 0, 0),
(1349, 'COTABATO CITY', '67', '', '', '', 0, 0),
(1350, 'TONDO I / II', '68', '', '', '', 0, 0),
(1351, 'BINONDO', '68', '', '', '', 0, 0),
(1352, 'QUIAPO', '68', '', '', '', 0, 0),
(1353, 'SAN NICOLAS', '68', '', '', '', 0, 0),
(1354, 'SANTA CRUZ', '68', '', '', '', 0, 0),
(1355, 'SAMPALOC', '68', '', '', '', 0, 0),
(1356, 'SAN MIGUEL', '68', '', '', '', 0, 0),
(1357, 'ERMITA', '68', '', '', '', 0, 0),
(1358, 'INTRAMUROS', '68', '', '', '', 0, 0),
(1359, 'MALATE', '68', '', '', '', 0, 0),
(1360, 'PACO', '68', '', '', '', 0, 0),
(1361, 'PANDACAN', '68', '', '', '', 0, 0),
(1362, 'PORT AREA', '68', '', '', '', 0, 0),
(1363, 'SANTA ANA', '68', '', '', '', 0, 0),
(1364, 'CITY OF MANDALUYONG', '70', '', '', '', 0, 0),
(1365, 'CITY OF MARIKINA', '70', '', '', '', 0, 0),
(1366, 'CITY OF PASIG', '70', '', '', '', 0, 0),
(1367, 'QUEZON CITY', '70', '14.6333', '121.0333', '', 0, 0),
(1368, 'CITY OF SAN JUAN', '70', '', '', '', 0, 0),
(1369, 'CALOOCAN CITY', '71', '14.6500', '120.9667', '', 0, 0),
(1370, 'CITY OF MALABON', '71', '', '', '', 0, 0),
(1371, 'CITY OF NAVOTAS', '71', '', '', '', 0, 0),
(1372, 'CITY OF VALENZUELA', '71', '', '', '', 0, 0),
(1373, 'CITY OF LAS PIÑAS', '72', '', '', '', 0, 0),
(1374, 'CITY OF MAKATI', '72', '', '', '', 0, 0),
(1375, 'CITY OF MUNTINLUPA', '72', '', '', '', 0, 0),
(1376, 'CITY OF PARAÑAQUE', '72', '14.4667', '121.0167', '', 0, 0),
(1377, 'PASAY CITY', '72', '14.5500', '121.0000', '', 0, 0),
(1378, 'PATEROS', '72', '14.5417', '121.0667', '', 0, 0),
(1379, 'TAGUIG CITY', '72', '14.5167', '121.0500', '', 0, 0),
(1380, 'BANGUED (Capital)', '73', '', '', '', 0, 0),
(1381, 'BOLINEY', '73', '', '', '', 0, 0),
(1382, 'BUCAY', '73', '', '', '', 0, 0),
(1383, 'BUCLOC', '73', '', '', '', 0, 0),
(1384, 'DAGUIOMAN', '73', '', '', '', 0, 0),
(1385, 'DANGLAS', '73', '', '', '', 0, 0),
(1386, 'DOLORES', '73', '', '', '', 0, 0),
(1387, 'LA PAZ', '73', '', '', '', 0, 0),
(1388, 'LACUB', '73', '', '', '', 0, 0),
(1389, 'LAGANGILANG', '73', '', '', '', 0, 0),
(1390, 'LAGAYAN', '73', '', '', '', 0, 0),
(1391, 'LANGIDEN', '73', '', '', '', 0, 0),
(1392, 'LICUAN-BAAY (LICUAN)', '73', '', '', '', 0, 0),
(1393, 'LUBA', '73', '', '', '', 0, 0),
(1394, 'MALIBCONG', '73', '', '', '', 0, 0),
(1395, 'MANABO', '73', '', '', '', 0, 0),
(1396, 'PEÑARRUBIA', '73', '', '', '', 0, 0),
(1397, 'PIDIGAN', '73', '', '', '', 0, 0),
(1398, 'PILAR', '73', '', '', '', 0, 0),
(1399, 'SALLAPADAN', '73', '', '', '', 0, 0),
(1400, 'SAN ISIDRO', '73', '', '', '', 0, 0),
(1401, 'SAN JUAN', '73', '', '', '', 0, 0),
(1402, 'SAN QUINTIN', '73', '', '', '', 0, 0),
(1403, 'TAYUM', '73', '', '', '', 0, 0),
(1404, 'TINEG', '73', '', '', '', 0, 0),
(1405, 'TUBO', '73', '', '', '', 0, 0),
(1406, 'VILLAVICIOSA', '73', '', '', '', 0, 0),
(1407, 'ATOK', '74', '', '', '', 0, 0),
(1408, 'BAGUIO CITY', '74', '16.4152', '120.5956', '', 0, 0),
(1409, 'BAKUN', '74', '', '', '', 0, 0),
(1410, 'BOKOD', '74', '', '', '', 0, 0),
(1411, 'BUGUIAS', '74', '16.7167', '120.8333', '', 0, 0),
(1412, 'ITOGON', '74', '16.3667', '120.6833', '', 0, 0),
(1413, 'KABAYAN', '74', '', '', '', 0, 0),
(1414, 'KAPANGAN', '74', '', '', '', 0, 0),
(1415, 'KIBUNGAN', '74', '', '', '', 0, 0),
(1416, 'LA TRINIDAD (Capital)', '74', '', '', '', 0, 0),
(1417, 'MANKAYAN', '74', '16.8667', '120.7833', '', 0, 0),
(1418, 'SABLAN', '74', '', '', '', 0, 0),
(1419, 'TUBA', '74', '16.3167', '120.5500', '', 0, 0),
(1420, 'TUBLAY', '74', '', '', '', 0, 0),
(1421, 'BANAUE', '75', '', '', '', 0, 0),
(1422, 'HUNGDUAN', '75', '', '', '', 0, 0),
(1423, 'KIANGAN', '75', '', '', '', 0, 0),
(1424, 'LAGAWE (Capital)', '75', '', '', '', 0, 0),
(1425, 'LAMUT', '75', '', '', '', 0, 0),
(1426, 'MAYOYAO', '75', '', '', '', 0, 0),
(1427, 'ALFONSO LISTA (POTIA)', '75', '', '', '', 0, 0),
(1428, 'AGUINALDO', '75', '', '', '', 0, 0),
(1429, 'HINGYON', '75', '', '', '', 0, 0),
(1430, 'TINOC', '75', '', '', '', 0, 0),
(1431, 'ASIPULO', '75', '', '', '', 0, 0),
(1432, 'BALBALAN', '76', '', '', '', 0, 0),
(1433, 'LUBUAGAN', '76', '', '', '', 0, 0),
(1434, 'PASIL', '76', '', '', '', 0, 0),
(1435, 'PINUKPUK', '76', '17.6000', '121.3667', '', 0, 0),
(1436, 'RIZAL (LIWAN)', '76', '', '', '', 0, 0),
(1437, 'CITY OF TABUK (Capital)', '76', '', '', '', 0, 0),
(1438, 'TANUDAN', '76', '', '', '', 0, 0),
(1439, 'TINGLAYAN', '76', '', '', '', 0, 0),
(1440, 'BARLIG', '77', '', '', '', 0, 0),
(1441, 'BAUKO', '77', '16.9833', '120.8667', '', 0, 0),
(1442, 'BESAO', '77', '', '', '', 0, 0),
(1443, 'BONTOC (Capital)', '77', '', '', '', 0, 0),
(1444, 'NATONIN', '77', '', '', '', 0, 0),
(1445, 'PARACELIS', '77', '17.2667', '121.4667', '', 0, 0),
(1446, 'SABANGAN', '77', '', '', '', 0, 0),
(1447, 'SADANGA', '77', '', '', '', 0, 0),
(1448, 'SAGADA', '77', '', '', '', 0, 0),
(1449, 'TADIAN', '77', '', '', '', 0, 0),
(1450, 'CALANASAN (BAYAG)', '78', '', '', '', 0, 0),
(1451, 'CONNER', '78', '', '', '', 0, 0),
(1452, 'FLORA', '78', '', '', '', 0, 0),
(1453, 'KABUGAO (Capital)', '78', '', '', '', 0, 0),
(1454, 'LUNA', '78', '', '', '', 0, 0),
(1455, 'PUDTOL', '78', '', '', '', 0, 0),
(1456, 'SANTA MARCELA', '78', '', '', '', 0, 0),
(1457, 'CITY OF LAMITAN', '79', '', '', '', 0, 0),
(1458, 'LANTAWAN', '79', '', '', '', 0, 0),
(1459, 'MALUSO', '79', '6.5500', '121.8833', '', 0, 0),
(1460, 'SUMISIP', '79', '6.4167', '121.9833', '', 0, 0),
(1461, 'TIPO-TIPO', '79', '', '', '', 0, 0),
(1462, 'TUBURAN', '79', '', '', '', 0, 0),
(1463, 'AKBAR', '79', '', '', '', 0, 0),
(1464, 'AL-BARKA', '79', '', '', '', 0, 0),
(1465, 'HADJI MOHAMMAD AJUL', '79', '', '', '', 0, 0),
(1466, 'UNGKAYA PUKAN', '79', '', '', '', 0, 0),
(1467, 'HADJI MUHTAMAD', '79', '', '', '', 0, 0),
(1468, 'TABUAN-LASA', '79', '', '', '', 0, 0),
(1469, 'BACOLOD-KALAWI (BACOLOD GRANDE)', '80', '', '', '', 0, 0),
(1470, 'BALABAGAN', '80', '', '', '', 0, 0),
(1471, 'BALINDONG (WATU)', '80', '', '', '', 0, 0),
(1472, 'BAYANG', '80', '', '', '', 0, 0),
(1473, 'BINIDAYAN', '80', '', '', '', 0, 0),
(1474, 'BUBONG', '80', '', '', '', 0, 0),
(1475, 'BUTIG', '80', '', '', '', 0, 0),
(1476, 'GANASSI', '80', '', '', '', 0, 0),
(1477, 'KAPAI', '80', '', '', '', 0, 0),
(1478, 'LUMBA-BAYABAO (MAGUING)', '80', '', '', '', 0, 0),
(1479, 'LUMBATAN', '80', '', '', '', 0, 0),
(1480, 'MADALUM', '80', '', '', '', 0, 0),
(1481, 'MADAMBA', '80', '', '', '', 0, 0),
(1482, 'MALABANG', '80', '7.5903', '124.0703', '', 0, 0),
(1483, 'MARANTAO', '80', '7.9500', '124.2330', '', 0, 0),
(1484, 'MARAWI CITY (Capital)', '80', '', '', '', 0, 0),
(1485, 'MASIU', '80', '7.8167', '124.3167', '', 0, 0),
(1486, 'MULONDO', '80', '', '', '', 0, 0),
(1487, 'PAGAYAWAN (TATARIKAN)', '80', '', '', '', 0, 0),
(1488, 'PIAGAPO', '80', '', '', '', 0, 0),
(1489, 'POONA BAYABAO (GATA)', '80', '', '', '', 0, 0),
(1490, 'PUALAS', '80', '', '', '', 0, 0),
(1491, 'DITSAAN-RAMAIN', '80', '', '', '', 0, 0),
(1492, 'SAGUIARAN', '80', '', '', '', 0, 0),
(1493, 'TAMPARAN', '80', '', '', '', 0, 0),
(1494, 'TARAKA', '80', '', '', '', 0, 0),
(1495, 'TUBARAN', '80', '', '', '', 0, 0),
(1496, 'TUGAYA', '80', '', '', '', 0, 0),
(1497, 'WAO', '80', '7.6404', '124.7257', '', 0, 0),
(1498, 'MAROGONG', '80', '', '', '', 0, 0),
(1499, 'CALANOGAS', '80', '', '', '', 0, 0),
(1500, 'BUADIPOSO-BUNTONG', '80', '', '', '', 0, 0),
(1501, 'MAGUING', '80', '', '', '', 0, 0),
(1502, 'PICONG (SULTAN GUMANDER)', '80', '', '', '', 0, 0),
(1503, 'LUMBAYANAGUE', '80', '', '', '', 0, 0),
(1504, 'BUMBARAN', '80', '', '', '', 0, 0),
(1505, 'TAGOLOAN II', '80', '', '', '', 0, 0),
(1506, 'KAPATAGAN', '80', '', '', '', 0, 0),
(1507, 'SULTAN DUMALONDONG', '80', '', '', '', 0, 0),
(1508, 'LUMBACA-UNAYAN', '80', '', '', '', 0, 0),
(1509, 'AMPATUAN', '81', '', '', '', 0, 0),
(1510, 'BULDON', '81', '7.5167', '124.3667', '', 0, 0),
(1511, 'BULUAN', '81', '6.7154', '124.7854', '', 0, 0),
(1512, 'DATU PAGLAS', '81', '6.7669', '124.8500', '', 0, 0),
(1513, 'DATU PIANG', '81', '', '', '', 0, 0),
(1514, 'DATU ODIN SINSUAT (DINAIG)', '81', '', '', '', 0, 0),
(1515, 'SHARIFF AGUAK (MAGANOY) (Capital)', '81', '', '', '', 0, 0),
(1516, 'MATANOG', '81', '7.4667', '124.2500', '', 0, 0),
(1517, 'PAGALUNGAN', '81', '7.0592', '124.6987', '', 0, 0),
(1518, 'PARANG', '81', '5.9167', '120.9167', '', 0, 0),
(1519, 'SULTAN KUDARAT (NULING)', '81', '', '', '', 0, 0),
(1520, 'SULTAN SA BARONGIS (LAMBAYONG)', '81', '', '', '', 0, 0),
(1521, 'KABUNTALAN (TUMBAO)', '81', '', '', '', 0, 0),
(1522, 'UPI', '81', '7.0289', '124.1650', '', 0, 0),
(1523, 'TALAYAN', '81', '6.9844', '124.3564', '', 0, 0),
(1524, 'SOUTH UPI', '81', '6.8548', '124.1443', '', 0, 0),
(1525, 'BARIRA', '81', '7.4833', '124.3000', '', 0, 0),
(1526, 'GEN. S. K. PENDATUN', '81', '', '', '', 0, 0),
(1527, 'MAMASAPANO', '81', '', '', '', 0, 0),
(1528, 'TALITAY', '81', '', '', '', 0, 0),
(1529, 'PAGAGAWAN', '81', '', '', '', 0, 0),
(1530, 'PAGLAT', '81', '', '', '', 0, 0),
(1531, 'SULTAN MASTURA', '81', '', '', '', 0, 0),
(1532, 'GUINDULUNGAN', '81', '', '', '', 0, 0),
(1533, 'DATU SAUDI-AMPATUAN', '81', '', '', '', 0, 0),
(1534, 'DATU UNSAY', '81', '', '', '', 0, 0),
(1535, 'DATU ABDULLAH SANGKI', '81', '', '', '', 0, 0),
(1536, 'RAJAH BUAYAN', '81', '', '', '', 0, 0),
(1537, 'DATU BLAH T. SINSUAT', '81', '', '', '', 0, 0),
(1538, 'DATU ANGGAL MIDTIMBANG', '81', '', '', '', 0, 0),
(1539, 'MANGUDADATU', '81', '', '', '', 0, 0),
(1540, 'PANDAG', '81', '', '', '', 0, 0),
(1541, 'NORTHERN KABUNTALAN', '81', '', '', '', 0, 0),
(1542, 'DATU HOFFER AMPATUAN', '81', '', '', '', 0, 0),
(1543, 'DATU SALIBO', '81', '', '', '', 0, 0),
(1544, 'SHARIFF SAYDONA MUSTAPHA', '81', '', '', '', 0, 0),
(1545, 'INDANAN', '82', '6.0000', '120.9667', '', 0, 0),
(1546, 'JOLO (Capital)', '82', '', '', '', 0, 0),
(1547, 'KALINGALAN CALUANG', '82', '5.8833', '121.2667', '', 0, 0),
(1548, 'LUUK', '82', '5.9676', '121.3133', '', 0, 0),
(1549, 'MAIMBUNG', '82', '5.9333', '121.0333', '', 0, 0),
(1550, 'HADJI PANGLIMA TAHIL (MARUNGGAS)', '82', '', '', '', 0, 0),
(1551, 'OLD PANAMAO', '82', '', '', '', 0, 0),
(1552, 'PANGUTARAN', '82', '', '', '', 0, 0),
(1553, 'PARANG', '82', '', '', '', 0, 0),
(1554, 'PATA', '82', '', '', '', 0, 0),
(1555, 'PATIKUL', '82', '6.0667', '121.1000', '', 0, 0),
(1556, 'SIASI', '82', '5.5462', '120.8145', '', 0, 0),
(1557, 'TALIPAO', '82', '5.9760', '121.1087', '', 0, 0),
(1558, 'TAPUL', '82', '', '', '', 0, 0),
(1559, 'TONGKIL', '82', '', '', '', 0, 0),
(1560, 'PANGLIMA ESTINO (NEW PANAMAO)', '82', '', '', '', 0, 0),
(1561, 'LUGUS', '82', '', '', '', 0, 0),
(1562, 'PANDAMI', '82', '', '', '', 0, 0),
(1563, 'OMAR', '82', '', '', '', 0, 0),
(1564, 'PANGLIMA SUGALA (BALIMBING)', '83', '', '', '', 0, 0),
(1565, 'BONGAO (Capital)', '83', '', '', '', 0, 0),
(1566, 'MAPUN (CAGAYAN DE TAWI-TAWI)', '83', '', '', '', 0, 0),
(1567, 'SIMUNUL', '83', '4.8980', '119.8213', '', 0, 0),
(1568, 'SITANGKAI', '83', '4.6615', '119.3919', '', 0, 0),
(1569, 'SOUTH UBIAN', '83', '', '', '', 0, 0),
(1570, 'TANDUBAS', '83', '5.1340', '120.3461', '', 0, 0),
(1571, 'TURTLE ISLANDS', '83', '', '', '', 0, 0),
(1572, 'LANGUYAN', '83', '5.2667', '120.0833', '', 0, 0),
(1573, 'SAPA-SAPA', '83', '', '', '', 0, 0),
(1574, 'SIBUTU', '83', '4.8500', '119.4667', '', 0, 0),
(1575, 'BUENAVISTA', '84', '', '', '', 0, 0),
(1576, 'BUTUAN CITY (Capital)', '84', '', '', '', 0, 0),
(1577, 'CITY OF CABADBARAN', '84', '', '', '', 0, 0),
(1578, 'CARMEN', '84', '', '', '', 0, 0),
(1579, 'JABONGA', '84', '', '', '', 0, 0),
(1580, 'KITCHARAO', '84', '', '', '', 0, 0),
(1581, 'LAS NIEVES', '84', '8.7351', '125.6010', '', 0, 0),
(1582, 'MAGALLANES', '84', '', '', '', 0, 0),
(1583, 'NASIPIT', '84', '8.9884', '125.3408', '', 0, 0),
(1584, 'SANTIAGO', '84', '', '', '', 0, 0),
(1585, 'TUBAY', '84', '', '', '', 0, 0),
(1586, 'REMEDIOS T. ROMUALDEZ', '84', '', '', '', 0, 0),
(1587, 'CITY OF BAYUGAN', '85', '', '', '', 0, 0),
(1588, 'BUNAWAN', '85', '8.1781', '125.9935', '', 0, 0),
(1589, 'ESPERANZA', '85', '', '', '', 0, 0),
(1590, 'LA PAZ', '85', '', '', '', 0, 0),
(1591, 'LORETO', '85', '8.1856', '125.8538', '', 0, 0),
(1592, 'PROSPERIDAD (Capital)', '85', '', '', '', 0, 0),
(1593, 'ROSARIO', '85', '', '', '', 0, 0),
(1594, 'SAN FRANCISCO', '85', '', '', '', 0, 0),
(1595, 'SAN LUIS', '85', '', '', '', 0, 0),
(1596, 'SANTA JOSEFA', '85', '', '', '', 0, 0),
(1597, 'TALACOGON', '85', '8.4488', '125.7869', '', 0, 0),
(1598, 'TRENTO', '85', '8.0459', '126.0614', '', 0, 0),
(1599, 'VERUELA', '85', '8.0698', '125.9554', '', 0, 0),
(1600, 'SIBAGAT', '85', '8.8219', '125.6938', '', 0, 0),
(1601, 'ALEGRIA', '86', '', '', '', 0, 0),
(1602, 'BACUAG', '86', '', '', '', 0, 0),
(1603, 'BURGOS', '86', '', '', '', 0, 0),
(1604, 'CLAVER', '86', '', '', '', 0, 0),
(1605, 'DAPA', '86', '', '', '', 0, 0),
(1606, 'DEL CARMEN', '86', '', '', '', 0, 0),
(1607, 'GENERAL LUNA', '86', '', '', '', 0, 0),
(1608, 'GIGAQUIT', '86', '', '', '', 0, 0),
(1609, 'MAINIT', '86', '', '', '', 0, 0),
(1610, 'MALIMONO', '86', '', '', '', 0, 0),
(1611, 'PILAR', '86', '', '', '', 0, 0),
(1612, 'PLACER', '86', '', '', '', 0, 0),
(1613, 'SAN BENITO', '86', '', '', '', 0, 0),
(1614, 'SAN FRANCISCO (ANAO-AON)', '86', '', '', '', 0, 0),
(1615, 'SAN ISIDRO', '86', '', '', '', 0, 0),
(1616, 'SANTA MONICA (SAPAO)', '86', '', '', '', 0, 0),
(1617, 'SISON', '86', '', '', '', 0, 0),
(1618, 'SOCORRO', '86', '', '', '', 0, 0),
(1619, 'SURIGAO CITY (Capital)', '86', '', '', '', 0, 0),
(1620, 'TAGANA-AN', '86', '', '', '', 0, 0),
(1621, 'TUBOD', '86', '8.0500', '123.8000', '', 0, 0),
(1622, 'BAROBO', '87', '8.5500', '126.2000', '', 0, 0),
(1623, 'BAYABAS', '87', '', '', '', 0, 0),
(1624, 'CITY OF BISLIG', '87', '', '', '', 0, 0),
(1625, 'CAGWAIT', '87', '', '', '', 0, 0),
(1626, 'CANTILAN', '87', '9.3336', '125.9775', '', 0, 0),
(1627, 'CARMEN', '87', '', '', '', 0, 0),
(1628, 'CARRASCAL', '87', '', '', '', 0, 0),
(1629, 'CORTES', '87', '', '', '', 0, 0),
(1630, 'HINATUAN', '87', '8.3667', '126.3333', '', 0, 0),
(1631, 'LANUZA', '87', '', '', '', 0, 0),
(1632, 'LIANGA', '87', '8.6330', '126.0932', '', 0, 0),
(1633, 'LINGIG', '87', '8.0381', '126.4127', '', 0, 0),
(1634, 'MADRID', '87', '', '', '', 0, 0),
(1635, 'MARIHATAG', '87', '', '', '', 0, 0),
(1636, 'SAN AGUSTIN', '87', '', '', '', 0, 0),
(1637, 'SAN MIGUEL', '87', '', '', '', 0, 0),
(1638, 'TAGBINA', '87', '8.4500', '126.1667', '', 0, 0),
(1639, 'TAGO', '87', '9.0211', '126.2317', '', 0, 0),
(1640, 'CITY OF TANDAG (Capital)', '87', '', '', '', 0, 0),
(1641, 'BASILISA (RIZAL)', '88', '', '', '', 0, 0),
(1642, 'CAGDIANAO', '88', '', '', '', 0, 0),
(1643, 'DINAGAT', '88', '', '', '', 0, 0),
(1644, 'LIBJO (ALBOR)', '88', '', '', '', 0, 0),
(1645, 'LORETO', '88', '', '', '', 0, 0),
(1646, 'SAN JOSE (Capital)', '88', '', '', '', 0, 0),
(1647, 'TUBAJON', '88', '', '', '', 0, 0);

-- --------------------------------------------------------

--
-- Table structure for table `lup_provinces`
--

CREATE TABLE `lup_provinces` (
  `province_id` int(11) NOT NULL,
  `description` varchar(255) DEFAULT NULL,
  `region_id` int(11) DEFAULT NULL,
  `date_added` varchar(255) NOT NULL,
  `added_by` int(11) NOT NULL,
  `isdeleted` int(11) NOT NULL
) ENGINE=MyISAM DEFAULT CHARSET=utf8;

--
-- Dumping data for table `lup_provinces`
--

INSERT INTO `lup_provinces` (`province_id`, `description`, `region_id`, `date_added`, `added_by`, `isdeleted`) VALUES
(1, 'ILOCOS NORTE', 1, '', 0, 0),
(2, 'ILOCOS SUR', 1, '', 0, 0),
(3, 'LA UNION', 1, '', 0, 0),
(4, 'PANGASINAN', 1, '', 0, 0),
(5, 'BATANES', 2, '', 0, 0),
(6, 'CAGAYAN', 2, '', 0, 0),
(7, 'ISABELA', 2, '', 0, 0),
(8, 'NUEVA VIZCAYA', 2, '', 0, 0),
(9, 'QUIRINO', 2, '', 0, 0),
(10, 'BATAAN', 3, '', 0, 0),
(11, 'BULACAN', 3, '', 0, 0),
(12, 'NUEVA ECIJA', 3, '', 0, 0),
(13, 'PAMPANGA', 3, '', 0, 0),
(14, 'TARLAC', 3, '', 0, 0),
(15, 'ZAMBALES', 3, '', 0, 0),
(16, 'AURORA', 3, '', 0, 0),
(17, 'BATANGAS', 4, '', 0, 0),
(18, 'CAVITE', 4, '', 0, 0),
(19, 'LAGUNA', 4, '', 0, 0),
(20, 'QUEZON', 4, '', 0, 0),
(21, 'RIZAL', 4, '', 0, 0),
(22, 'MARINDUQUE', 17, '', 0, 0),
(23, 'OCCIDENTAL MINDORO', 17, '', 0, 0),
(24, 'ORIENTAL MINDORO', 17, '', 0, 0),
(25, 'PALAWAN', 17, '', 0, 0),
(26, 'ROMBLON', 17, '', 0, 0),
(27, 'ALBAY', 5, '', 0, 0),
(28, 'CAMARINES NORTE', 5, '', 0, 0),
(29, 'CAMARINES SUR', 5, '', 0, 0),
(30, 'CATANDUANES', 5, '', 0, 0),
(31, 'MASBATE', 5, '', 0, 0),
(32, 'SORSOGON', 5, '', 0, 0),
(33, 'AKLAN', 6, '', 0, 0),
(34, 'ANTIQUE', 6, '', 0, 0),
(35, 'CAPIZ', 6, '', 0, 0),
(36, 'ILOILO', 6, '', 0, 0),
(37, 'NEGROS OCCIDENTAL', 6, '', 0, 0),
(38, 'GUIMARAS', 6, '', 0, 0),
(39, 'BOHOL', 7, '', 0, 0),
(40, 'CEBU', 7, '', 0, 0),
(41, 'NEGROS ORIENTAL', 7, '', 0, 0),
(42, 'SIQUIJOR', 7, '', 0, 0),
(43, 'EASTERN SAMAR', 8, '', 0, 0),
(44, 'LEYTE', 8, '', 0, 0),
(45, 'NORTHERN SAMAR', 8, '', 0, 0),
(46, 'SAMAR (WESTERN SAMAR)', 8, '', 0, 0),
(47, 'SOUTHERN LEYTE', 8, '', 0, 0),
(48, 'BILIRAN', 8, '', 0, 0),
(49, 'ZAMBOANGA DEL NORTE', 9, '', 0, 0),
(50, 'ZAMBOANGA DEL SUR', 9, '', 0, 0),
(51, 'ZAMBOANGA SIBUGAY', 9, '', 0, 0),
(52, 'CITY OF ISABELA', 9, '', 0, 0),
(53, 'BUKIDNON', 10, '', 0, 0),
(54, 'CAMIGUIN', 10, '', 0, 0),
(55, 'LANAO DEL NORTE', 10, '', 0, 0),
(56, 'MISAMIS OCCIDENTAL', 10, '', 0, 0),
(57, 'MISAMIS ORIENTAL', 10, '', 0, 0),
(58, 'DAVAO DEL NORTE', 11, '', 0, 0),
(59, 'DAVAO DEL SUR', 11, '', 0, 0),
(60, 'DAVAO ORIENTAL', 11, '', 0, 0),
(61, 'COMPOSTELA VALLEY', 11, '', 0, 0),
(62, 'DAVAO OCCIDENTAL', 11, '', 0, 0),
(63, 'COTABATO (NORTH COTABATO)', 12, '', 0, 0),
(64, 'SOUTH COTABATO', 12, '', 0, 0),
(65, 'SULTAN KUDARAT', 12, '', 0, 0),
(66, 'SARANGANI', 12, '', 0, 0),
(67, 'COTABATO CITY', 12, '', 0, 0),
(68, 'NCR, CITY OF MANILA, FIRST DISTRICT', 13, '', 0, 0),
(69, 'CITY OF MANILA', 13, '', 0, 0),
(70, 'NCR, SECOND DISTRICT', 13, '', 0, 0),
(71, 'NCR, THIRD DISTRICT', 13, '', 0, 0),
(72, 'NCR, FOURTH DISTRICT', 13, '', 0, 0),
(73, 'ABRA', 14, '', 0, 0),
(74, 'BENGUET', 14, '', 0, 0),
(75, 'IFUGAO', 14, '', 0, 0),
(76, 'KALINGA', 14, '', 0, 0),
(77, 'MOUNTAIN PROVINCE', 14, '', 0, 0),
(78, 'APAYAO', 14, '', 0, 0),
(79, 'BASILAN', 15, '', 0, 0),
(80, 'LANAO DEL SUR', 15, '', 0, 0),
(81, 'MAGUINDANAO', 15, '', 0, 0),
(82, 'SULU', 15, '', 0, 0),
(83, 'TAWI-TAWI', 15, '', 0, 0),
(84, 'AGUSAN DEL NORTE', 16, '', 0, 0),
(85, 'AGUSAN DEL SUR', 16, '', 0, 0),
(86, 'SURIGAO DEL NORTE', 16, '', 0, 0),
(87, 'SURIGAO DEL SUR', 16, '', 0, 0),
(88, 'DINAGAT ISLANDS', 16, '', 0, 0);

-- --------------------------------------------------------

--
-- Table structure for table `lup_rainfall_legends`
--

CREATE TABLE `lup_rainfall_legends` (
  `rainfall_legend_id` int(11) NOT NULL,
  `rainfall_from` double NOT NULL,
  `rainfall_to` double NOT NULL,
  `color` varchar(255) NOT NULL,
  `date_added` varchar(255) NOT NULL,
  `added_by` int(11) NOT NULL,
  `isdeleted` int(11) NOT NULL
) ENGINE=InnoDB DEFAULT CHARSET=latin1;

--
-- Dumping data for table `lup_rainfall_legends`
--

INSERT INTO `lup_rainfall_legends` (`rainfall_legend_id`, `rainfall_from`, `rainfall_to`, `color`, `date_added`, `added_by`, `isdeleted`) VALUES
(1, 0, 50, '#006633', '', 0, 0),
(2, 51, 100, '#ff0011\r\n', '', 0, 0);

-- --------------------------------------------------------

--
-- Table structure for table `lup_rainpercentage_legends`
--

CREATE TABLE `lup_rainpercentage_legends` (
  `rain_percentage_legend_id` int(11) NOT NULL,
  `description` varchar(255) NOT NULL,
  `rain_percent_from` double NOT NULL,
  `rain_percent_to` double NOT NULL,
  `color` varchar(255) NOT NULL,
  `date_added` varchar(255) NOT NULL,
  `added_by` int(11) NOT NULL,
  `isdeleted` int(11) NOT NULL
) ENGINE=InnoDB DEFAULT CHARSET=latin1;

--
-- Dumping data for table `lup_rainpercentage_legends`
--

INSERT INTO `lup_rainpercentage_legends` (`rain_percentage_legend_id`, `description`, `rain_percent_from`, `rain_percent_to`, `color`, `date_added`, `added_by`, `isdeleted`) VALUES
(1, 'NORMAL', 0, 40, '#00FF22', '\r\n', 0, 0),
(2, 'BELOW NORMAL', 41, 80, '#342563', '', 0, 0);

-- --------------------------------------------------------

--
-- Table structure for table `lup_regions`
--

CREATE TABLE `lup_regions` (
  `region_id` int(11) NOT NULL,
  `description` varchar(255) DEFAULT NULL,
  `date_added` varchar(255) NOT NULL,
  `isdeleted` int(11) NOT NULL
) ENGINE=MyISAM DEFAULT CHARSET=utf8;

--
-- Dumping data for table `lup_regions`
--

INSERT INTO `lup_regions` (`region_id`, `description`, `date_added`, `isdeleted`) VALUES
(1, 'REGION I (ILOCOS REGION)', '', 0),
(2, 'REGION II (CAGAYAN VALLEY)', '', 0),
(3, 'REGION III (CENTRAL LUZON)', '', 0),
(4, 'REGION IV-A (CALABARZON)', '', 0),
(5, 'REGION IV-B (MIMAROPA)', '', 0),
(6, 'REGION V (BICOL REGION)', '', 0),
(7, 'REGION VI (WESTERN VISAYAS)', '', 0),
(8, 'REGION VII (CENTRAL VISAYAS)', '', 0),
(9, 'REGION VIII (EASTERN VISAYAS)', '', 0),
(10, 'REGION IX (ZAMBOANGA PENINSULA)', '', 0),
(11, 'REGION X (NORTHERN MINDANAO)', '', 0),
(12, 'REGION XI (DAVAO REGION)', '', 0),
(13, 'REGION XII (SOCCSKSARGEN)', '', 0),
(14, 'NATIONAL CAPITAL REGION (NCR)', '', 0),
(15, 'CORDILLERA ADMINISTRATIVE REGION (CAR)', '', 0),
(16, 'AUTONOMOUS REGION IN MUSLIM MINDANAO (ARMM)', '', 0),
(17, 'REGION XIII (Caraga)', '', 0);

-- --------------------------------------------------------

--
-- Table structure for table `lup_soil_wetness`
--

CREATE TABLE `lup_soil_wetness` (
  `soil_wetness_id` int(11) NOT NULL,
  `description` varchar(255) NOT NULL,
  `date_added` varchar(255) NOT NULL,
  `added_by` int(11) NOT NULL,
  `isdeleted` int(11) NOT NULL
) ENGINE=InnoDB DEFAULT CHARSET=latin1;

-- --------------------------------------------------------

--
-- Table structure for table `lup_status`
--

CREATE TABLE `lup_status` (
  `status_id` int(11) NOT NULL,
  `status` varchar(255) NOT NULL,
  `isdeleted` int(11) NOT NULL
) ENGINE=InnoDB DEFAULT CHARSET=latin1;

--
-- Dumping data for table `lup_status`
--

INSERT INTO `lup_status` (`status_id`, `status`, `isdeleted`) VALUES
(1, 'PUBLISHED', 0),
(2, 'UNPUBLISHED', 0);

-- --------------------------------------------------------

--
-- Table structure for table `lup_temperature_legends`
--

CREATE TABLE `lup_temperature_legends` (
  `temp_legend_id` int(11) NOT NULL,
  `temp_from` double NOT NULL,
  `temp_to` double NOT NULL,
  `color` varchar(255) NOT NULL,
  `date_added` varchar(255) NOT NULL,
  `added_by` int(11) NOT NULL,
  `isdeleted` int(11) NOT NULL
) ENGINE=InnoDB DEFAULT CHARSET=latin1;

--
-- Dumping data for table `lup_temperature_legends`
--

INSERT INTO `lup_temperature_legends` (`temp_legend_id`, `temp_from`, `temp_to`, `color`, `date_added`, `added_by`, `isdeleted`) VALUES
(1, 0, 50, '#006600', '', 0, 0),
(2, 51, 80, '#000', '', 0, 0);

-- --------------------------------------------------------

--
-- Table structure for table `lup_temperature_locations`
--

CREATE TABLE `lup_temperature_locations` (
  `temp_location_id` int(11) NOT NULL,
  `description` varchar(255) NOT NULL,
  `date_added` date NOT NULL,
  `added_by` int(11) NOT NULL,
  `isdeleted` int(11) NOT NULL
) ENGINE=InnoDB DEFAULT CHARSET=latin1;

-- --------------------------------------------------------

--
-- Table structure for table `lup_weather_system`
--

CREATE TABLE `lup_weather_system` (
  `weather_system_id` int(11) NOT NULL,
  `description` varchar(255) NOT NULL,
  `icon` varchar(255) NOT NULL,
  `date_added` varchar(255) NOT NULL,
  `added_by` int(11) NOT NULL,
  `isdeleted` int(11) NOT NULL
) ENGINE=InnoDB DEFAULT CHARSET=latin1;

--
-- Dumping data for table `lup_weather_system`
--

INSERT INTO `lup_weather_system` (`weather_system_id`, `description`, `icon`, `date_added`, `added_by`, `isdeleted`) VALUES
(1, 'Cloudy with rain', 'icon', '', 0, 0);

-- --------------------------------------------------------

--
-- Table structure for table `lup_wind_legends`
--

CREATE TABLE `lup_wind_legends` (
  `wind_id` int(11) NOT NULL,
  `description` varchar(255) NOT NULL,
  `wind_from` double NOT NULL,
  `wind_to` double NOT NULL,
  `color` varchar(255) NOT NULL,
  `date_added` datetime NOT NULL,
  `added_by` int(11) NOT NULL,
  `isdeleted` int(11) NOT NULL
) ENGINE=InnoDB DEFAULT CHARSET=latin1;

-- --------------------------------------------------------

--
-- Table structure for table `refprovince`
--

CREATE TABLE `refprovince` (
  `id` int(11) NOT NULL,
  `psgcCode` varchar(255) DEFAULT NULL,
  `provDesc` text,
  `regCode` varchar(255) DEFAULT NULL,
  `provCode` varchar(255) DEFAULT NULL
) ENGINE=MyISAM DEFAULT CHARSET=utf8;

--
-- Dumping data for table `refprovince`
--

INSERT INTO `refprovince` (`id`, `psgcCode`, `provDesc`, `regCode`, `provCode`) VALUES
(1, '012800000', 'ILOCOS NORTE', '01', '0128'),
(2, '012900000', 'ILOCOS SUR', '01', '0129'),
(3, '013300000', 'LA UNION', '01', '0133'),
(4, '015500000', 'PANGASINAN', '01', '0155'),
(5, '020900000', 'BATANES', '02', '0209'),
(6, '021500000', 'CAGAYAN', '02', '0215'),
(7, '023100000', 'ISABELA', '02', '0231'),
(8, '025000000', 'NUEVA VIZCAYA', '02', '0250'),
(9, '025700000', 'QUIRINO', '02', '0257'),
(10, '030800000', 'BATAAN', '03', '0308'),
(11, '031400000', 'BULACAN', '03', '0314'),
(12, '034900000', 'NUEVA ECIJA', '03', '0349'),
(13, '035400000', 'PAMPANGA', '03', '0354'),
(14, '036900000', 'TARLAC', '03', '0369'),
(15, '037100000', 'ZAMBALES', '03', '0371'),
(16, '037700000', 'AURORA', '03', '0377'),
(17, '041000000', 'BATANGAS', '04', '0410'),
(18, '042100000', 'CAVITE', '04', '0421'),
(19, '043400000', 'LAGUNA', '04', '0434'),
(20, '045600000', 'QUEZON', '04', '0456'),
(21, '045800000', 'RIZAL', '04', '0458'),
(22, '174000000', 'MARINDUQUE', '17', '1740'),
(23, '175100000', 'OCCIDENTAL MINDORO', '17', '1751'),
(24, '175200000', 'ORIENTAL MINDORO', '17', '1752'),
(25, '175300000', 'PALAWAN', '17', '1753'),
(26, '175900000', 'ROMBLON', '17', '1759'),
(27, '050500000', 'ALBAY', '05', '0505'),
(28, '051600000', 'CAMARINES NORTE', '05', '0516'),
(29, '051700000', 'CAMARINES SUR', '05', '0517'),
(30, '052000000', 'CATANDUANES', '05', '0520'),
(31, '054100000', 'MASBATE', '05', '0541'),
(32, '056200000', 'SORSOGON', '05', '0562'),
(33, '060400000', 'AKLAN', '06', '0604'),
(34, '060600000', 'ANTIQUE', '06', '0606'),
(35, '061900000', 'CAPIZ', '06', '0619'),
(36, '063000000', 'ILOILO', '06', '0630'),
(37, '064500000', 'NEGROS OCCIDENTAL', '06', '0645'),
(38, '067900000', 'GUIMARAS', '06', '0679'),
(39, '071200000', 'BOHOL', '07', '0712'),
(40, '072200000', 'CEBU', '07', '0722'),
(41, '074600000', 'NEGROS ORIENTAL', '07', '0746'),
(42, '076100000', 'SIQUIJOR', '07', '0761'),
(43, '082600000', 'EASTERN SAMAR', '08', '0826'),
(44, '083700000', 'LEYTE', '08', '0837'),
(45, '084800000', 'NORTHERN SAMAR', '08', '0848'),
(46, '086000000', 'SAMAR (WESTERN SAMAR)', '08', '0860'),
(47, '086400000', 'SOUTHERN LEYTE', '08', '0864'),
(48, '087800000', 'BILIRAN', '08', '0878'),
(49, '097200000', 'ZAMBOANGA DEL NORTE', '09', '0972'),
(50, '097300000', 'ZAMBOANGA DEL SUR', '09', '0973'),
(51, '098300000', 'ZAMBOANGA SIBUGAY', '09', '0983'),
(52, '099700000', 'CITY OF ISABELA', '09', '0997'),
(53, '101300000', 'BUKIDNON', '10', '1013'),
(54, '101800000', 'CAMIGUIN', '10', '1018'),
(55, '103500000', 'LANAO DEL NORTE', '10', '1035'),
(56, '104200000', 'MISAMIS OCCIDENTAL', '10', '1042'),
(57, '104300000', 'MISAMIS ORIENTAL', '10', '1043'),
(58, '112300000', 'DAVAO DEL NORTE', '11', '1123'),
(59, '112400000', 'DAVAO DEL SUR', '11', '1124'),
(60, '112500000', 'DAVAO ORIENTAL', '11', '1125'),
(61, '118200000', 'COMPOSTELA VALLEY', '11', '1182'),
(62, '118600000', 'DAVAO OCCIDENTAL', '11', '1186'),
(63, '124700000', 'COTABATO (NORTH COTABATO)', '12', '1247'),
(64, '126300000', 'SOUTH COTABATO', '12', '1263'),
(65, '126500000', 'SULTAN KUDARAT', '12', '1265'),
(66, '128000000', 'SARANGANI', '12', '1280'),
(67, '129800000', 'COTABATO CITY', '12', '1298'),
(68, '133900000', 'NCR, CITY OF MANILA, FIRST DISTRICT', '13', '1339'),
(69, '133900000', 'CITY OF MANILA', '13', '1339'),
(70, '137400000', 'NCR, SECOND DISTRICT', '13', '1374'),
(71, '137500000', 'NCR, THIRD DISTRICT', '13', '1375'),
(72, '137600000', 'NCR, FOURTH DISTRICT', '13', '1376'),
(73, '140100000', 'ABRA', '14', '1401'),
(74, '141100000', 'BENGUET', '14', '1411'),
(75, '142700000', 'IFUGAO', '14', '1427'),
(76, '143200000', 'KALINGA', '14', '1432'),
(77, '144400000', 'MOUNTAIN PROVINCE', '14', '1444'),
(78, '148100000', 'APAYAO', '14', '1481'),
(79, '150700000', 'BASILAN', '15', '1507'),
(80, '153600000', 'LANAO DEL SUR', '15', '1536'),
(81, '153800000', 'MAGUINDANAO', '15', '1538'),
(82, '156600000', 'SULU', '15', '1566'),
(83, '157000000', 'TAWI-TAWI', '15', '1570'),
(84, '160200000', 'AGUSAN DEL NORTE', '16', '1602'),
(85, '160300000', 'AGUSAN DEL SUR', '16', '1603'),
(86, '166700000', 'SURIGAO DEL NORTE', '16', '1667'),
(87, '166800000', 'SURIGAO DEL SUR', '16', '1668'),
(88, '168500000', 'DINAGAT ISLANDS', '16', '1685');

-- --------------------------------------------------------

--
-- Table structure for table `se_module`
--

CREATE TABLE `se_module` (
  `module_id` int(11) NOT NULL,
  `module_name` varchar(100) NOT NULL,
  `icon` varchar(50) NOT NULL,
  `module_dir` varchar(100) NOT NULL,
  `module_notif` int(11) NOT NULL,
  `active` int(10) NOT NULL
) ENGINE=InnoDB DEFAULT CHARSET=latin1 ROW_FORMAT=COMPACT;

--
-- Dumping data for table `se_module`
--

INSERT INTO `se_module` (`module_id`, `module_name`, `icon`, `module_dir`, `module_notif`, `active`) VALUES
(1, 'SYSTEM PANEL', '<i class=\"fa fa-desktop\"></i>', '', 0, 1),
(2, 'FORECAST', '<i class=\"fa fa-chart-simple\"></i>', '', 0, 1),
(3, 'AGRI WEATHER', '<i class=\"fa-solid fa-tractor\"></i>', '', 0, 1),
(4, 'WEATHER MONITORING', '<i class=\"fa fa-bolt\"></i>', '', 0, 1);

-- --------------------------------------------------------

--
-- Table structure for table `se_sub_module`
--

CREATE TABLE `se_sub_module` (
  `sub_module_id` int(11) NOT NULL,
  `sub_module_name` varchar(100) NOT NULL,
  `sub_module_dir` varchar(100) NOT NULL,
  `module_id` int(10) DEFAULT NULL,
  `location` varchar(50) NOT NULL,
  `keyword` varchar(50) NOT NULL,
  `active` int(10) NOT NULL
) ENGINE=InnoDB DEFAULT CHARSET=latin1 ROW_FORMAT=COMPACT;

--
-- Dumping data for table `se_sub_module`
--

INSERT INTO `se_sub_module` (`sub_module_id`, `sub_module_name`, `sub_module_dir`, `module_id`, `location`, `keyword`, `active`) VALUES
(1, 'USER PROFILES', '', 1, 'main', 'userui', 1),
(2, 'ADVISORIES', '', 1, 'main', 'announcementui', 1),
(3, 'LOCATIONS', '', 1, 'main', 'locationui', 1),
(4, 'TEMPERATURE LEGENDS', '', 1, 'main', 'templegendui', 1),
(5, 'RAINFALL LEGENDS', '', 1, 'main', 'rainfalllegendui', 1),
(6, 'RAINFALL % LEGENDS', '', 1, 'main', 'rainfallperlegendui', 1),
(7, 'WEATHER CONDITIONS', '', 1, 'main', 'weatherui', 1);

-- --------------------------------------------------------

--
-- Table structure for table `se_user`
--

CREATE TABLE `se_user` (
  `user_id` int(11) NOT NULL,
  `agent_number` varchar(50) NOT NULL,
  `user_username` varchar(100) DEFAULT NULL,
  `user_password` varchar(100) DEFAULT NULL,
  `user_access_id` int(100) DEFAULT NULL,
  `fullname` varchar(50) NOT NULL,
  `sales_team_id` int(100) DEFAULT '0',
  `user_direct` int(100) DEFAULT NULL,
  `branch_id` int(11) NOT NULL,
  `user_status` int(100) DEFAULT NULL,
  `user_reset` int(11) DEFAULT NULL,
  `date_added` timestamp NULL DEFAULT CURRENT_TIMESTAMP ON UPDATE CURRENT_TIMESTAMP,
  `isadmin` int(1) DEFAULT '0'
) ENGINE=InnoDB DEFAULT CHARSET=latin1 ROW_FORMAT=COMPACT;

--
-- Dumping data for table `se_user`
--

INSERT INTO `se_user` (`user_id`, `agent_number`, `user_username`, `user_password`, `user_access_id`, `fullname`, `sales_team_id`, `user_direct`, `branch_id`, `user_status`, `user_reset`, `date_added`, `isadmin`) VALUES
(1, '162903', 'admin', '89ce3b1d6c3ff3d7f064686b2f5b7592', 4, 'System Administrator', 1, 3, 1, 2, 0, '2023-01-30 21:40:22', 1);

-- --------------------------------------------------------

--
-- Table structure for table `se_user_access_module`
--

CREATE TABLE `se_user_access_module` (
  `user_access_module_id` int(11) NOT NULL,
  `user_id` int(11) DEFAULT NULL,
  `module_id` varchar(50) DEFAULT NULL,
  `sub_module_id` varchar(50) NOT NULL,
  `access_level` int(11) NOT NULL,
  `date_added` timestamp NULL DEFAULT CURRENT_TIMESTAMP ON UPDATE CURRENT_TIMESTAMP,
  `isdeleted` int(11) NOT NULL
) ENGINE=InnoDB DEFAULT CHARSET=latin1 ROW_FORMAT=COMPACT;

--
-- Dumping data for table `se_user_access_module`
--

INSERT INTO `se_user_access_module` (`user_access_module_id`, `user_id`, `module_id`, `sub_module_id`, `access_level`, `date_added`, `isdeleted`) VALUES
(1, 1, 'all', 'all', 1, '2023-01-30 22:17:46', 0);

--
-- Indexes for dumped tables
--

--
-- Indexes for table `announcements`
--
ALTER TABLE `announcements`
  ADD PRIMARY KEY (`announcement_id`);

--
-- Indexes for table `coor`
--
ALTER TABLE `coor`
  ADD PRIMARY KEY (`ID`);

--
-- Indexes for table `forecast_agri`
--
ALTER TABLE `forecast_agri`
  ADD PRIMARY KEY (`forecast_agri_id`);

--
-- Indexes for table `forecast_daily_details`
--
ALTER TABLE `forecast_daily_details`
  ADD PRIMARY KEY (`daily_details_id`);

--
-- Indexes for table `lup_humidity_legends`
--
ALTER TABLE `lup_humidity_legends`
  ADD PRIMARY KEY (`humidity_id`);

--
-- Indexes for table `lup_locations`
--
ALTER TABLE `lup_locations`
  ADD PRIMARY KEY (`location_id`);

--
-- Indexes for table `lup_provinces`
--
ALTER TABLE `lup_provinces`
  ADD PRIMARY KEY (`province_id`);

--
-- Indexes for table `lup_rainfall_legends`
--
ALTER TABLE `lup_rainfall_legends`
  ADD PRIMARY KEY (`rainfall_legend_id`);

--
-- Indexes for table `lup_rainpercentage_legends`
--
ALTER TABLE `lup_rainpercentage_legends`
  ADD PRIMARY KEY (`rain_percentage_legend_id`);

--
-- Indexes for table `lup_regions`
--
ALTER TABLE `lup_regions`
  ADD PRIMARY KEY (`region_id`);

--
-- Indexes for table `lup_soil_wetness`
--
ALTER TABLE `lup_soil_wetness`
  ADD PRIMARY KEY (`soil_wetness_id`);

--
-- Indexes for table `lup_status`
--
ALTER TABLE `lup_status`
  ADD PRIMARY KEY (`status_id`);

--
-- Indexes for table `lup_temperature_legends`
--
ALTER TABLE `lup_temperature_legends`
  ADD PRIMARY KEY (`temp_legend_id`);

--
-- Indexes for table `lup_temperature_locations`
--
ALTER TABLE `lup_temperature_locations`
  ADD PRIMARY KEY (`temp_location_id`);

--
-- Indexes for table `lup_weather_system`
--
ALTER TABLE `lup_weather_system`
  ADD PRIMARY KEY (`weather_system_id`);

--
-- Indexes for table `lup_wind_legends`
--
ALTER TABLE `lup_wind_legends`
  ADD PRIMARY KEY (`wind_id`);

--
-- Indexes for table `refprovince`
--
ALTER TABLE `refprovince`
  ADD PRIMARY KEY (`id`);

--
-- Indexes for table `se_module`
--
ALTER TABLE `se_module`
  ADD PRIMARY KEY (`module_id`);

--
-- Indexes for table `se_sub_module`
--
ALTER TABLE `se_sub_module`
  ADD PRIMARY KEY (`sub_module_id`);

--
-- Indexes for table `se_user`
--
ALTER TABLE `se_user`
  ADD PRIMARY KEY (`user_id`);

--
-- Indexes for table `se_user_access_module`
--
ALTER TABLE `se_user_access_module`
  ADD PRIMARY KEY (`user_access_module_id`);

--
-- AUTO_INCREMENT for dumped tables
--

--
-- AUTO_INCREMENT for table `announcements`
--
ALTER TABLE `announcements`
  MODIFY `announcement_id` int(11) UNSIGNED NOT NULL AUTO_INCREMENT, AUTO_INCREMENT=4;

--
-- AUTO_INCREMENT for table `coor`
--
ALTER TABLE `coor`
  MODIFY `ID` int(11) NOT NULL AUTO_INCREMENT, AUTO_INCREMENT=1008;

--
-- AUTO_INCREMENT for table `forecast_agri`
--
ALTER TABLE `forecast_agri`
  MODIFY `forecast_agri_id` int(11) NOT NULL AUTO_INCREMENT, AUTO_INCREMENT=3;

--
-- AUTO_INCREMENT for table `forecast_daily_details`
--
ALTER TABLE `forecast_daily_details`
  MODIFY `daily_details_id` int(11) NOT NULL AUTO_INCREMENT, AUTO_INCREMENT=2;

--
-- AUTO_INCREMENT for table `lup_humidity_legends`
--
ALTER TABLE `lup_humidity_legends`
  MODIFY `humidity_id` int(11) NOT NULL AUTO_INCREMENT;

--
-- AUTO_INCREMENT for table `lup_locations`
--
ALTER TABLE `lup_locations`
  MODIFY `location_id` int(255) NOT NULL AUTO_INCREMENT, AUTO_INCREMENT=1648;

--
-- AUTO_INCREMENT for table `lup_provinces`
--
ALTER TABLE `lup_provinces`
  MODIFY `province_id` int(11) NOT NULL AUTO_INCREMENT, AUTO_INCREMENT=89;

--
-- AUTO_INCREMENT for table `lup_rainfall_legends`
--
ALTER TABLE `lup_rainfall_legends`
  MODIFY `rainfall_legend_id` int(11) NOT NULL AUTO_INCREMENT, AUTO_INCREMENT=3;

--
-- AUTO_INCREMENT for table `lup_rainpercentage_legends`
--
ALTER TABLE `lup_rainpercentage_legends`
  MODIFY `rain_percentage_legend_id` int(11) NOT NULL AUTO_INCREMENT, AUTO_INCREMENT=3;

--
-- AUTO_INCREMENT for table `lup_regions`
--
ALTER TABLE `lup_regions`
  MODIFY `region_id` int(11) NOT NULL AUTO_INCREMENT, AUTO_INCREMENT=18;

--
-- AUTO_INCREMENT for table `lup_soil_wetness`
--
ALTER TABLE `lup_soil_wetness`
  MODIFY `soil_wetness_id` int(11) NOT NULL AUTO_INCREMENT;

--
-- AUTO_INCREMENT for table `lup_status`
--
ALTER TABLE `lup_status`
  MODIFY `status_id` int(11) NOT NULL AUTO_INCREMENT, AUTO_INCREMENT=3;

--
-- AUTO_INCREMENT for table `lup_temperature_legends`
--
ALTER TABLE `lup_temperature_legends`
  MODIFY `temp_legend_id` int(11) NOT NULL AUTO_INCREMENT, AUTO_INCREMENT=3;

--
-- AUTO_INCREMENT for table `lup_temperature_locations`
--
ALTER TABLE `lup_temperature_locations`
  MODIFY `temp_location_id` int(11) NOT NULL AUTO_INCREMENT;

--
-- AUTO_INCREMENT for table `lup_weather_system`
--
ALTER TABLE `lup_weather_system`
  MODIFY `weather_system_id` int(11) NOT NULL AUTO_INCREMENT, AUTO_INCREMENT=2;

--
-- AUTO_INCREMENT for table `lup_wind_legends`
--
ALTER TABLE `lup_wind_legends`
  MODIFY `wind_id` int(11) NOT NULL AUTO_INCREMENT;

--
-- AUTO_INCREMENT for table `refprovince`
--
ALTER TABLE `refprovince`
  MODIFY `id` int(11) NOT NULL AUTO_INCREMENT, AUTO_INCREMENT=89;

--
-- AUTO_INCREMENT for table `se_module`
--
ALTER TABLE `se_module`
  MODIFY `module_id` int(11) NOT NULL AUTO_INCREMENT, AUTO_INCREMENT=5;

--
-- AUTO_INCREMENT for table `se_sub_module`
--
ALTER TABLE `se_sub_module`
  MODIFY `sub_module_id` int(11) NOT NULL AUTO_INCREMENT, AUTO_INCREMENT=8;

--
-- AUTO_INCREMENT for table `se_user`
--
ALTER TABLE `se_user`
  MODIFY `user_id` int(11) NOT NULL AUTO_INCREMENT, AUTO_INCREMENT=2;

--
-- AUTO_INCREMENT for table `se_user_access_module`
--
ALTER TABLE `se_user_access_module`
  MODIFY `user_access_module_id` int(11) NOT NULL AUTO_INCREMENT, AUTO_INCREMENT=2;
COMMIT;

/*!40101 SET CHARACTER_SET_CLIENT=@OLD_CHARACTER_SET_CLIENT */;
/*!40101 SET CHARACTER_SET_RESULTS=@OLD_CHARACTER_SET_RESULTS */;
/*!40101 SET COLLATION_CONNECTION=@OLD_COLLATION_CONNECTION */;
